ProductId,Image Url,Video Url,Product Desc,Origin Price,Discount Price,Discount,Currency,Direct linking commission rate (%),Estimated direct linking commission,Indirect linking commission rate (%),Estimated indirect linking commission,Sales180Day,Positive Feedback,Promotion Url,Code Name,Code Start Time,Code End Time,Code Value,Code Quantity,Code Minimum Spend
1005009798716928,https://ae-pic-a1.aliexpress-media.com/kf/Sb99b898178f84d74b9e2daed98b31f242.jpg,,مقياس ضغط الدم الرقمي للمعصم، جهاز قياس ضغط الدم القابل لإعادة الشحن عبر USB، مقياس شد الذراع الرقمي المحمول، مقياس ضغط الدم,MAD 365.71,MAD 128.57,64%,MAD,7.0,MAD 9.00,7.0,MAD 9.00,413,88.1%,https://s.click.aliexpress.com/e/_c3VitFbN,,,,,,
1005008474782398,https://ae-pic-a1.aliexpress-media.com/kf/S1be07d4522c549bcb4a0e12b86122b105.jpg,,شعبية ELM327 WiFi Obd2 رمز القارئ الماسح الضوئي V1.5 أدوات تشخيص السيارات كاشف أخطاء السيارة لنظام أندرويد/IOS/الكمبيوتر,MAD 179.44,MAD 37.30,79%,MAD,7.0,MAD 2.61,7.0,MAD 2.61,20609,85.9%,https://s.click.aliexpress.com/e/_c339d5nz,,,,,,
1005011619741163,https://ae-pic-a1.aliexpress-media.com/kf/Se7fefdf4272e48b0b2b2d286e07b19d94.png,,جهاز قياس ضغط الدم للذراع العلوي مع مقياس الأكسجين كهدية، أداة قياس الضغط الأوتوماتيكية، جهاز قياس ضغط الدم الرقمي مع كفة قياس الضغط,MAD 74.62,MAD 19.66,73%,MAD,7.0,MAD 1.38,7.0,MAD 1.38,19,100.0%,https://s.click.aliexpress.com/e/_c3BmicPv,,,,,,
1005006912900721,https://ae-pic-a1.aliexpress-media.com/kf/S7ce6f2caa29b481ead0f8b0e436bbb00e.jpg,,150Mbps USB صغير واي فاي محول MT7601 RTL8188 بطاقة الشبكة اللاسلكية واي فاي استقبال دونغل 802.11 b/g/n لأجهزة الكمبيوتر المحمول ويندوز 2.4G,MAD 123.63,MAD 26.03,78%,MAD,7.0,MAD 1.82,7.0,MAD 1.82,2103,87.7%,https://s.click.aliexpress.com/e/_c30V01QT,,,,,,
1005008803932986,https://ae-pic-a1.aliexpress-media.com/kf/Sb6f28bc72327460489293b6e9b03d809y.jpg,,AX900 WiFi USB محول WiFi6 بلوتوث 5.4 ثنائي النطاق 2.4G + 5.8Ghz 4 هوائي دونغل USB استقبال البطاقة اللاسلكية للكمبيوتر/الكمبيوتر المحمول,MAD 240.93,MAD 67.43,72%,MAD,7.0,MAD 4.72,7.0,MAD 4.72,4868,90.9%,https://s.click.aliexpress.com/e/_c3sJbSaP,,,,,,
1005006472999451,https://ae-pic-a1.aliexpress-media.com/kf/Sbedbb962c37142f9993c0e6664adcf90c.jpg,,مكرر واي فاي لاسلكي ، W9533 ، W9533 ، جهاز توجيه AP ، موسع ، مكبر صوت ، معزز ، WPS ، نقطة وصول طويلة المدى ، جديدة,MAD 134.35,MAD 77.25,42%,MAD,8.0,MAD 6.18,7.0,MAD 5.41,8,81.5%,https://s.click.aliexpress.com/e/_c3tM3Vw3,,,,,,
1005005412563475,https://ae-pic-a1.aliexpress-media.com/kf/S546915f974f140a2ad6143dbfbb504876.png,,هوائي تلفزيون رقمي عالي الدقة هوائي داب مضخم داخلي 200 ميل تلفزيون عالي الدقة مع مكبر للصوت VHF/UHF مجموعة جوية خارجية سريعة الاستجابة,MAD 116.88,MAD 12.49,89%,MAD,3.0,MAD 0.37,3.0,MAD 0.37,16296,83.2%,https://s.click.aliexpress.com/e/_c3wvHVGX,,,,,,
1005007812477858,https://ae-pic-a1.aliexpress-media.com/kf/S00131f6ef3284d0a9d4b2dbe7aadbd41b.jpg,,EILIECK 316L الفولاذ المقاوم للصدأ القلب الحب قلادة أساور طقم من الحلقان للنساء جديد عصري 18K مطلية بالذهب مجوهرات مقاومة للماء,MAD 38.58,MAD 10.02,74%,MAD,8.0,MAD 0.80,7.0,MAD 0.70,1246,92.1%,https://s.click.aliexpress.com/e/_c396xq95,,,,,,
1005008213059841,https://ae-pic-a1.aliexpress-media.com/kf/S397016157cda49b2a1d5315813e3f7d5S.jpg,,محاكي شاشة افتراضية 4K EDID HDMI-compatible2.0 محول عرض شبح مقطوع الرأس يدعم ما يصل إلى 4k@60 هرتز 1080@120 هرتز,MAD 34.95,MAD 10.02,71%,MAD,10.0,MAD 1.00,3.0,MAD 0.30,332,99.4%,https://s.click.aliexpress.com/e/_c4crtXsX,,,,,,
1005009776060724,https://ae-pic-a1.aliexpress-media.com/kf/S55f7ef3171df40b8b3ee66946dc9d6cdj.jpg,,المرأة منتصف أنبوب اليوغا جوارب رياضية مرونة عالية المضادة للانزلاق الجري الجوارب مريحة تنفس الصالة الرياضية تجريب الأحذية,MAD 51.64,MAD 10.02,80%,MAD,7.0,MAD 0.70,7.0,MAD 0.70,253,96.6%,https://s.click.aliexpress.com/e/_c3e9ckFh,,,,,,
1005006788023326,https://ae-pic-a1.aliexpress-media.com/kf/S7b4e7067f8174ad1879b7c226f773131z.jpg,,طقم أقراط وقلادة كريستال سوداء زرقاء من الفيوان للنساء ، مجوهرات فاخرة ، إكسسوارات حفلات الزفاف,MAD 57.20,MAD 10.02,82%,MAD,7.0,MAD 0.70,7.0,MAD 0.70,17,100.0%,https://s.click.aliexpress.com/e/_c2u0zWXt,,,,,,
1005009477543011,https://ae-pic-a1.aliexpress-media.com/kf/S432718aa9e6947d09999a6d823c9fc68r.jpg,,300Mbps واي فاي ريبيتر واي فاي مكبر للصوت اللاسلكية واي فاي مكرر موسع 802.11N الداعم مكرر مكبر للصوت,MAD 234.28,MAD 64.18,72%,MAD,7.0,MAD 4.49,7.0,MAD 4.49,955,89.8%,https://s.click.aliexpress.com/e/_c42aePRl,,,,,,
1005005378015241,https://ae-pic-a1.aliexpress-media.com/kf/Sb7af96fa1eb04e7199bf343e11682e45x.jpg,,نظارات شمسية نسائية مربعة بإطار كبير متدرج ، نظارات ركوب الدراجات ، نظارات شمسية للأماكن الخارجية ، كبيرة الحجم ، موضة ،,MAD 41.51,MAD 10.02,75%,MAD,7.0,MAD 0.70,7.0,MAD 0.70,248,92.2%,https://s.click.aliexpress.com/e/_c2QXqJCf,,,,,,
1005008046254742,https://ae-pic-a1.aliexpress-media.com/kf/S51cac0da8bf644cab3fa9bdf36b49c154.jpg,,E27 60 واط لاسلكي للتحكم عن بعد الذكية الموقت التبديل حامل مصباح 110 فولت 220 فولت منزل متعدد مفتاح الإضاءة غرفة الطفل غرفة نوم الموقت التبديل,MAD 169.92,MAD 42.83,74%,MAD,7.0,MAD 3.00,7.0,MAD 3.00,7782,94.4%,https://s.click.aliexpress.com/e/_c38k3F2F,,,,,,
1005007168122460,https://ae-pic-a1.aliexpress-media.com/kf/S19c20dabb57a4050b4c87dd8a516b07b7.jpg,,GANEMLY 316L الفولاذ المقاوم للصدأ الأخضر كريستال البرسيم سوار الإسورة للنساء موضة المعصم سلسلة مجوهرات مقاومة للماء هدية بيجو,MAD 34.04,MAD 10.02,70%,MAD,8.0,MAD 0.80,7.0,MAD 0.70,278,90.3%,https://s.click.aliexpress.com/e/_c3Fb9u1H,,,,,,
1005007804378425,https://ae-pic-a1.aliexpress-media.com/kf/S60bdc109d0684752b29fa62150a1b378Y.jpg,,الوقايات الخشبية المستديرة الطبيعية ، وسادة فنجان الشاي ، حصيرة قدح القهوة ، حامل المشروبات ، الوقايات الخشبية ، الحرف اليدوية ديي ، ديكور المطبخ المنزلي,MAD 21.06,MAD 10.02,52%,MAD,8.0,MAD 0.80,7.0,MAD 0.70,1312,97.3%,https://s.click.aliexpress.com/e/_c2yznp3d,,,,,,
1005007456636257,https://ae-pic-a1.aliexpress-media.com/kf/Sb17c051edaf744ae94d303c1190a486cG.jpg,,الذراع الرقمية طقم اختبار ضغط الدم الكفة الاستشعار رصد BP التلقائي الضغط مقياس التوتر معدل ضربات القلب نبض متر,MAD 365.80,MAD 143.25,60%,MAD,7.0,MAD 10.03,7.0,MAD 10.03,8703,90.3%,https://s.click.aliexpress.com/e/_c3I8fjiF,,,,,,
1005008927979316,https://ae-pic-a1.aliexpress-media.com/kf/Sf88aae57c5a34ed785aec13c82e98780w.jpg,,12/24Pairs لا يتطلب الحفر شريط صورة معلق على الوجهين خطافات جدارية قابلة للإزالة للإطارات الأعمال الفنية لاصق مقاوم للماء,MAD 126.54,MAD 11.39,90%,MAD,7.0,MAD 0.80,7.0,MAD 0.80,632,94.0%,https://s.click.aliexpress.com/e/_c3heg083,,,,,,
1005003665622507,https://ae-pic-a1.aliexpress-media.com/kf/H91d3bfffb8c94265a234f9afd4069f42g.jpg,,العصرية القط العين النظارات الشمسية النساء Sunshade ظلة شخصية الرجعية موضة أسود أحمر إطار صغير مثلث الإناث Gafas دي سول,MAD 44.14,MAD 10.02,77%,MAD,7.0,MAD 0.70,7.0,MAD 0.70,83,95.0%,https://s.click.aliexpress.com/e/_c3zlLKWB,,,,,,
1005007408776758,https://ae-pic-a1.aliexpress-media.com/kf/S1e626eb4c83d45948a2f9f8879720fccU.jpg,,B6 2 في 1 بلوتوث 5.3 جهاز ريسيفر استقبال وإرسال الصوت 3.5 مللي متر AUX جاك RCA USB دونغل الموسيقى محول لاسلكي لسيارة PC TV سماعة,MAD 200.21,MAD 59.49,70%,MAD,7.0,MAD 4.16,7.0,MAD 4.16,5173,91.2%,https://s.click.aliexpress.com/e/_c3z2FCir,,,,,,
1005010570276259,https://ae-pic-a1.aliexpress-media.com/kf/Sa6f4d529606e461d949514d023aa9972u.png,,الوردي القوس موضوع الفتاة حفلة عيد ميلاد لوازم أدوات المائدة Coquette ربطة القوس فيونكة بالون لوحة كوب خلفية راية لوازم استحمام الطفل,MAD 33.95,MAD 10.02,70%,MAD,8.0,MAD 0.80,7.0,MAD 0.70,434,99.2%,https://s.click.aliexpress.com/e/_c4kdIXq7,,,,,,
1005008620227044,https://ae-pic-a1.aliexpress-media.com/kf/S63c1f3f56ebc487699cca9e086b094c8K.png,,واقي معصم رياضي ثابت من السباندكس لعلاج التواء المعصم والتهاب الأوتار مع شريط لاصق، رباط معصم رفيع للغاية، دعامة للمفاصل، لفافة رياضية للياقة البدنية,MAD 73.55,MAD 18.90,74%,MAD,7.0,MAD 1.32,7.0,MAD 1.32,203,90.2%,https://s.click.aliexpress.com/e/_c4KwQQmf,,,,,,
1005008374970513,https://ae-pic-a1.aliexpress-media.com/kf/S60d635312c594032b3723db4ceeae848V.jpg,,جهاز قياس ضغط الدم الرقمي المحمول للمعصم، مقياس ضغط الدم، مقياس توتر USB، مقياس معدل ضربات القلب، جهاز مراقبة BP,MAD 338.63,MAD 105.15,68%,MAD,7.0,MAD 7.36,7.0,MAD 7.36,731,91.0%,https://s.click.aliexpress.com/e/_c3opfIc3,,,,,,
1005008379061331,https://ae-pic-a1.aliexpress-media.com/kf/S2ab37b84a12f4b88af8f333d1961fbca7.jpg,https://video.aliexpress-media.com/play/u/ae_sg_item/247306975/p/1/e/6/t/10301/4000261128463.mp4,ملابس داخلية نسائية بدون خياطة سراويل داخلية ناعمة من حرير الحليب ملابس داخلية مثيرة متوسطة الخصر من الدانتيل مكشكشة بلون سادة ملابس داخلية حميمية قابلة للتنفس للفتيات,MAD 21.26,MAD 14.27,33%,MAD,7.0,MAD 1.00,7.0,MAD 1.00,71,86.1%,https://s.click.aliexpress.com/e/_c3WDzZ0f,,,,,,
1005005611564485,https://ae-pic-a1.aliexpress-media.com/kf/S3d114febe17740279d4054f2921c1af5C.jpg,https://video.aliexpress-media.com/play/u/ae_sg_item/2673912280/p/1/e/6/t/10301/1100152096077.mp4,جهاز مراقبة ضغط الدم من Kingclinic للذراع العلوي الأوتوماتيكي BP مع شاشة LED للاستخدام المنزلي والرعاية الصحية,MAD 692.93,MAD 309.70,55%,MAD,7.0,MAD 21.68,7.0,MAD 21.68,3423,94.6%,https://s.click.aliexpress.com/e/_c4qAMhqT,,,,,,
1005010025936682,https://ae-pic-a1.aliexpress-media.com/kf/Sabadb9516b5945109c95e841fe61985f0.jpg,,أساور أورورا بتصميم نجم البحر واللؤلؤ للنساء، مجوهرات من الفولاذ المقاوم للصدأ، إكسسوارات مجوهرات مصنوعة يدويًا.,MAD 64.27,MAD 10.24,84%,MAD,8.0,MAD 0.82,7.0,MAD 0.72,61,90.9%,https://s.click.aliexpress.com/e/_c4VttJQj,,,,,,
1005004959796123,https://ae-pic-a1.aliexpress-media.com/kf/S750dcc945a6449e2955e333c803be4dfK.jpg,,بقع إصلاح ذاتية اللصق ل أحواض سباحة ، حزمة من 10 طقم تصليح بركة البلاستيكية ، تجمع إصلاح تحت الماء ذاتية اللصق,MAD 24.50,MAD 10.02,59%,MAD,9.0,MAD 0.90,9.0,MAD 0.90,192,95.6%,https://s.click.aliexpress.com/e/_c3I0MF23,,,,,,
1005009453267406,https://ae-pic-a1.aliexpress-media.com/kf/S41b5062a7f09491d813cc9b99477a3f2g.jpg,,جديد LED مراقبة ضغط الدم المعصم قابلة للشحن لا الإنجليزية صوت مقياس ضغط الدم مقياس التوتر BP مراقب,MAD 377.95,MAD 134.57,64%,MAD,7.0,MAD 9.42,7.0,MAD 9.42,773,92.1%,https://s.click.aliexpress.com/e/_c3kxqr9v,,,,,,
1005009806834366,https://ae-pic-a1.aliexpress-media.com/kf/Sb24f13da2bb14b9e9f6f3870ab29d1295.jpg,,مكبر واي فاي لاسلكي بسرعة 300 ميجابت في الثانية، موسع نطاق واي فاي 802.11N، معزز إشارة، مكرر واي فاي,MAD 255.22,MAD 76.99,69%,MAD,7.0,MAD 5.39,7.0,MAD 5.39,5546,98.0%,https://s.click.aliexpress.com/e/_c30dgZ6L,,,,,,
1005008866414669,https://ae-pic-a1.aliexpress-media.com/kf/S17f27ad8bcfd4cf08c26e358862d5dbc7.jpg,,كتلة منشئ كعكة الحلوى اللذيذة ، فواكه الفراولة والشوكولاتة كعكة حلوة ألعاب ديكور المنزل ، هدايا التجميع للفتيات الأطفال,MAD 25.72,MAD 10.02,61%,MAD,7.0,MAD 0.70,7.0,MAD 0.70,1420,96.9%,https://s.click.aliexpress.com/e/_c33zwB0R,,,,,,
1005007005480251,https://ae-pic-a1.aliexpress-media.com/kf/S965b395e2879442bb3170a6adcca825eB.jpg,https://video.aliexpress-media.com/play/u/ae_sg_item/2676290184/p/1/e/6/t/10301/1100217521029.mp4,ميزان حرارة رقمي طبي بالأشعة تحت الحمراء، قياس سريع لدرجة الحرارة، ميزان حرارة طبي محمول للجبهة بدون تلامس,MAD 160.52,MAD 31.25,80%,MAD,7.0,MAD 2.19,7.0,MAD 2.19,42772,90.8%,https://s.click.aliexpress.com/e/_c3GAlbyf,,,,,,
1005010749593227,https://ae-pic-a1.aliexpress-media.com/kf/Sb24f13da2bb14b9e9f6f3870ab29d1295.jpg,,مكبر واي فاي لاسلكي بسرعة 300 ميجابت في الثانية، موسع نطاق واي فاي 802.11N، معزز إشارة، مكرر واي فاي,MAD 372.39,MAD 124.40,66%,MAD,7.0,MAD 8.71,7.0,MAD 8.71,414,87.3%,https://s.click.aliexpress.com/e/_c3wuP6vz,,,,,,
1005005749711740,https://ae-pic-a1.aliexpress-media.com/kf/S4b6ef6c04f894042bb0771cba0eeae72K.jpg,https://video.aliexpress-media.com/play/u/ae_sg_item/239350035/p/1/e/6/t/10301/1100195490453.mp4,مكرر WiFi لاسلكي PIX-LINK WiFi موسع + M أبيض مكبر صوت wi-fi 802.11N/ B /G معزز لاسلكي-N Repetidor نقطة وصول,MAD 295.12,MAD 96.94,67%,MAD,7.0,MAD 6.79,7.0,MAD 6.79,49,81.4%,https://s.click.aliexpress.com/e/_c3BXesiP,,,,,,
1005007608512582,https://ae-pic-a1.aliexpress-media.com/kf/S11d19a6843f54f4db0eed0240a39401eb.jpg,https://video.aliexpress-media.com/play/u/ae_sg_item/2676290184/p/1/e/6/t/10301/1100213619573.mp4,قابلة للشحن بطارية ليثيوم أيون التحويل الرقمي الروسية صوت LCD شاشة كبيرة مقياس ضغط الدم الذراع مراقبة ضغط الدم مقياس التوتر,MAD 509.01,MAD 224.24,55%,MAD,7.0,MAD 15.70,7.0,MAD 15.70,408,90.7%,https://s.click.aliexpress.com/e/_c2QEQien,,,,,,
1005009439448548,https://ae-pic-a1.aliexpress-media.com/kf/Sd89119ee01594ff88ac7e7ccf40b14c2b.jpg,,موسع إشارة WiFi للمنزل موسع نطاق WiFi 300Mbps مكرر لاسلكي طويل المدى مكبر للصوت مع منفذ إيثرنت RJ45,MAD 189.72,MAD 113.82,40%,MAD,7.0,MAD 7.97,7.0,MAD 7.97,172,82.7%,https://s.click.aliexpress.com/e/_c4sGsvcP,,,,,,
1005002390840514,https://ae-pic-a1.aliexpress-media.com/kf/Hb78d41a18ba94c2eb65d152eb2987760x.jpg,,جديد وصول 925 فضة pendientes موضة دائرة مستديرة واضح فسيفساء تشيكوسلوفاكيا الزركون وأقراط للنساء مجوهرات brincos,MAD 48.19,MAD 10.02,79%,MAD,8.0,MAD 0.80,7.0,MAD 0.70,167,89.7%,https://s.click.aliexpress.com/e/_c4LR4yQr,,,,,,
1005006695401296,https://ae-pic-a1.aliexpress-media.com/kf/S957bc897998946289f8eaec00fbcda5dK.jpg,,OPTFOCUS 2.4G WiFi مكرر 2LAN 300Mbps مكرر معزز الإشارة واي فاي مكبر للصوت المدى مكرر نقطة الوصول اللاسلكية AP,MAD 129.89,MAD 71.17,45%,MAD,7.0,MAD 4.98,7.0,MAD 4.98,318,89.1%,https://s.click.aliexpress.com/e/_c2xLcu2n,,,,,,
1005007050690946,https://ae-pic-a1.aliexpress-media.com/kf/S87f3d1900de543f9a8a6640ddf314980R.jpg,,ميزان الحرارة الرقمي بالأشعة تحت الحمراء للجبهة والجسم، موازين حرارة الحمى غير المتصل أو مقياس التأكسج النبضي المحمول الطبي للأكسجين في الدم,MAD 133.69,MAD 10.02,92%,MAD,7.0,MAD 0.70,7.0,MAD 0.70,83713,87.8%,https://s.click.aliexpress.com/e/_c3oXSwy7,,,,,,
1005007226804503,https://ae-pic-a1.aliexpress-media.com/kf/S61d0d4b69fd74e7685e41e89225eacb2n.jpg,,جديد LED مراقبة ضغط الدم المعصم قابلة للشحن الإنجليزية صوت البث مقياس ضغط الدم مقياس التوتر BP مراقب,MAD 353.94,MAD 136.97,61%,MAD,7.0,MAD 9.59,7.0,MAD 9.59,1357,89.2%,https://s.click.aliexpress.com/e/_c38paJOL,,,,,,
1005007908506549,https://ae-pic-a1.aliexpress-media.com/kf/S2e367abe65324be6b86c8d8e0ace3eb5t.jpg,,المتقدمة الحد الأدنى المختنق الرقبة الفولاذ المقاوم للصدأ المرأة قلادة حبة ملفوفة سلسلة موضة المرأة مجوهرات هدية الاتجاه بالجملة,MAD 29.80,MAD 10.02,66%,MAD,8.0,MAD 0.80,7.0,MAD 0.70,163,93.7%,https://s.click.aliexpress.com/e/_c3ad3mAX,,,,,,
1005007456253368,https://ae-pic-a1.aliexpress-media.com/kf/S715157b62c0947bab254518f1b2f6bccv.jpg,,أساور FanSibao 3 مرصعة بالزركون على شكل فراشة للنساء مجوهرات رائعة مطلية بالذهب,MAD 60.53,MAD 10.02,83%,MAD,7.0,MAD 0.70,7.0,MAD 0.70,183,96.0%,https://s.click.aliexpress.com/e/_c3FYJM0T,,,,,,
1005008559499130,https://ae-pic-a1.aliexpress-media.com/kf/S28a5a55006b14742bcc3a8682a87e6dcy.png,,حزام معصم قابل للتعديل ذاتي التسخين مع مغناطيس التورمالين، مدفئ لليد والمعصم، حزام ضاغط لتخفيف الألم، حزام تعقيم,MAD 58.28,MAD 56.04,3%,MAD,7.0,MAD 3.92,7.0,MAD 3.92,218,91.4%,https://s.click.aliexpress.com/e/_c4MP8wtH,,,,,,
1005007574377765,https://ae-pic-a1.aliexpress-media.com/kf/S8877b6f64374455fb9736dcb626f282bz.jpg,,الطبية الرقمية LCD المعصم التلقائي مراقبة ضغط الدم مقياس ضغط الدم العلاقات العامة معدل ضربات القلب نبض ميت مقياس التوتر الرعاية الصحية,MAD 335.16,MAD 123.67,63%,MAD,7.0,MAD 8.66,7.0,MAD 8.66,911,84.2%,https://s.click.aliexpress.com/e/_c4OOxZ7V,,,,,,
1005008676089676,https://ae-pic-a1.aliexpress-media.com/kf/Sf7e6260b755e4d0aa0b7568e04005aaa5.jpg,,PH2 مفك براغي برأس عزم دوران متقاطع مغناطيسي قوي S2 رأس كهربائي فولاذي صلابة عالية مثقاب كهربائي مغناطيسي مضاد للانزلاق,MAD 16.00,MAD 10.02,37%,MAD,8.0,MAD 0.80,7.0,MAD 0.70,1122,98.6%,https://s.click.aliexpress.com/e/_c3Tqiq9l,,,,,,
1005008892868322,https://ae-pic-a1.aliexpress-media.com/kf/S6d579803787b43b49371a232f063b8cb9.jpg,,المحمولة التلقائي المعصم صوت مراقبة ضغط الدم الرقمية زر واحد مراقبة ضغط الدم آلة مقياس التوتر للاستخدام المنزلي,MAD 373.68,MAD 132.49,64%,MAD,7.0,MAD 9.27,7.0,MAD 9.27,539,89.0%,https://s.click.aliexpress.com/e/_c3AjRb7l,,,,,,
4000785006616,https://ae-pic-a1.aliexpress-media.com/kf/Scc7c583e347b432b83ffca6984d5745ap.jpg,,سراويل داخلية مثيرة للنساء ملابس داخلية بيكيني قطن المنشعب ملابس داخلية حميمة للسيدات منخفضة الارتفاع الخصر قابلة للتنفس FUNCILAC,MAD 24.28,MAD 10.02,58%,MAD,8.0,MAD 0.80,7.0,MAD 0.70,26,100.0%,https://s.click.aliexpress.com/e/_c3CeojVt,,,,,,
1005007178169150,https://ae-pic-a1.aliexpress-media.com/kf/Sc16953b096af48378407cde0ad4450ebo.jpg,https://video.aliexpress-media.com/play/u/ae_sg_item/2676290184/p/1/e/6/t/10301/1100206334917.mp4,التلقائي الرقمية الذراع ضغط الدم متر 32 سنتيمتر الكفة الضغط الطبي مقياس التوتر مقياس التوتر Baumanometer نبض مقياس ضغط الدم,MAD 360.09,MAD 140.24,61%,MAD,7.0,MAD 9.82,7.0,MAD 9.82,1709,85.7%,https://s.click.aliexpress.com/e/_c2wKi6oT,,,,,,
1005010559316359,https://ae-pic-a1.aliexpress-media.com/kf/S2454bf0139f54a2cac24d0c30fbcc5f1y.jpg,,حقيبة سفر قابلة للطي من القماش الخشن خفيفة الوزن ذات سعة كبيرة للسفر الجوي والرياضة في عطلة نهاية الأسبوع والرحلات بين عشية وضحاها,MAD 60.58,MAD 59.45,1%,MAD,8.0,MAD 4.76,7.0,MAD 4.16,66,86.7%,https://s.click.aliexpress.com/e/_c3XSAi2B,,,,,,
1005008804823089,https://ae-pic-a1.aliexpress-media.com/kf/S63bb30fd6840418ab98d69ae050609e0M.jpg,,جديد الركبة في الهواء الطلق ركوب الدراجات تنفس امتصاص الصدمات كرة السلة حامي الضغط الرياضة الرضفة حزام,MAD 89.90,MAD 21.12,76%,MAD,8.0,MAD 1.69,7.0,MAD 1.48,561,92.1%,https://s.click.aliexpress.com/e/_c3ryIxB9,,,,,,
1005008933650177,https://ae-pic-a1.aliexpress-media.com/kf/Sa6759c56b4924d5c8a14ced9f66c115cm.jpg,,حمالات صدر رياضية للنساء سريعة الجفاف ومبطنة ومطاطة لصالة الألعاب الرياضية والجري حمالة صدر بلون سادة للياقة البدنية واليوجا والرياضة قابلة للتنفس,MAD 38.27,MAD 38.27,0%,MAD,7.0,MAD 2.68,7.0,MAD 2.68,254,85.8%,https://s.click.aliexpress.com/e/_c2zdQHI3,,,,,,
1005009786888367,https://ae-pic-a1.aliexpress-media.com/kf/S28573fc875ea4623a980b53d1b20aed3A.jpg,,بوعاء النباتات زهر الكرز اللبنات الصغيرة ، DIY المال سبينر شجرة التفاح محاكاة بوعاء منضدية زخرفة الفتيات الهدايا,MAD 32.50,MAD 31.69,2%,MAD,7.0,MAD 2.22,7.0,MAD 2.22,96,99.5%,https://s.click.aliexpress.com/e/_c3aC7aan,,,,,,
1005007373941618,https://ae-pic-a1.aliexpress-media.com/kf/S1ecff00caf814c809040bf6f54a30cd6B.jpg,,أكمام تبريد من الحرير الصناعي للصيف، حماية من الأشعة فوق البنفسجية، ضغط عالي مع حماية UPF 50+ للنساء والشباب في الرياضات مثل الكرة الطائرة,MAD 24.71,MAD 10.02,59%,MAD,7.0,MAD 0.70,7.0,MAD 0.70,826,98.9%,https://s.click.aliexpress.com/e/_c3diJVoR,,,,,,
1005007346514967,https://ae-pic-a1.aliexpress-media.com/kf/S4b57a0789c8c42888cd0c2c551e204aep.jpg,,JUSTLANG قابلة للشحن مراقبة ضغط الدم 2 مستخدمين مقياس التوتر الطبي المعصم الكفة الرقمية غير النظامية نبض معدل ضربات القلب مقياس التوتر,MAD 351.34,MAD 135.59,61%,MAD,7.0,MAD 9.49,7.0,MAD 9.49,1536,89.0%,https://s.click.aliexpress.com/e/_c3e0A1Zv,,,,,,
1005011674088742,https://ae-pic-a1.aliexpress-media.com/kf/Sca5d62f8b4f547f8aef57e0c3ddf77653.jpg,,طقم إبر الكروشيه بمقابض مطاطية، إبر كروشيه بمقابض مريحة، أدوات حياكة وخياطة للحرف اليدوية,MAD 31.14,MAD 15.57,50%,MAD,7.0,MAD 1.09,7.0,MAD 1.09,2019,98.3%,https://s.click.aliexpress.com/e/_c32lWicL,,,,,,
1005008727155676,https://ae-pic-a1.aliexpress-media.com/kf/S2aadeab526ba4212a7ac79b4325492b4L.jpg,,قلادة على شكل دائرة دائرية لامعة للنساء والفتيات هدية عيد ميلاد الزفاف,MAD 32.41,MAD 10.02,69%,MAD,7.0,MAD 0.70,7.0,MAD 0.70,93,96.5%,https://s.click.aliexpress.com/e/_c3xD1FpD,,,,,,
1005009228004342,https://ae-pic-a1.aliexpress-media.com/kf/Sbd3cfcb30e8c46fd9f3e38c2f4038705S.jpg,,طقم ساعات كوارتز رجالية مكون من قطعتين، طقم مجوهرات بسوار ساعة كوارتز بمقياس رقمي مناسب لهدايا المهرجانات,MAD 76.03,MAD 20.25,73%,MAD,8.0,MAD 1.62,7.0,MAD 1.42,457,86.8%,https://s.click.aliexpress.com/e/_c40DJXpZ,,,,,,
1005005061517241,https://ae-pic-a1.aliexpress-media.com/kf/S7546d9da680242528074258ed618585e4.jpg,,مكرر لاسلكي WIFI Mbps عن بعد Wifi مكبر صوت WiFi. 11N مكبر صوت Wi Fi Reapeter,MAD 313.04,MAD 102.76,67%,MAD,7.0,MAD 7.19,7.0,MAD 7.19,8783,89.7%,https://s.click.aliexpress.com/e/_c3k50I2J,,,,,,
1005007010496211,https://ae-pic-a1.aliexpress-media.com/kf/S7546d9da680242528074258ed618585e4.jpg,,مكرر لاسلكي WIFI Mbps عن بعد Wifi مكبر صوت WiFi. 11N مكبر صوت Wi Fi Reapeter,MAD 275.99,MAD 87.38,68%,MAD,7.0,MAD 6.12,7.0,MAD 6.12,13241,98.0%,https://s.click.aliexpress.com/e/_c4a1GuwP,,,,,,
1005010795884914,https://ae-pic-a1.aliexpress-media.com/kf/S8d56f7a3ebde42e6b916d00e934a2c4fQ.jpg,,مكرر واي فاي لاسلكي 300 ميجابت في الثانية، موسع نطاق واي فاي عن بعد، مكبر إشارة واي فاي 802.11N، معزز إشارة، مكرر واي فاي أوروبي,MAD 285.30,MAD 92.03,67%,MAD,7.0,MAD 6.44,7.0,MAD 6.44,272,89.8%,https://s.click.aliexpress.com/e/_c3A8TPZZ,,,,,,
1005006150157461,https://ae-pic-a1.aliexpress-media.com/kf/S7546d9da680242528074258ed618585e4.jpg,,مكرر لاسلكي WIFI Mbps عن بعد Wifi مكبر صوت WiFi. 11N مكبر صوت Wi Fi Reapeter,MAD 284.19,MAD 88.63,68%,MAD,7.0,MAD 6.20,7.0,MAD 6.20,3747,90.7%,https://s.click.aliexpress.com/e/_c3RsBo03,,,,,,
1005007410290858,https://ae-pic-a1.aliexpress-media.com/kf/S83dbfab3c7cf446a8bad3726941a9d27R.jpg,https://video.aliexpress-media.com/play/u/ae_sg_item/2676290184/p/1/e/6/t/10301/1100217739537.mp4,جديد LED مراقبة ضغط الدم المعصم قابلة للشحن الإنجليزية صوت البث مقياس ضغط الدم مقياس التوتر BP مراقب,MAD 328.09,MAD 87.85,73%,MAD,7.0,MAD 6.15,7.0,MAD 6.15,15619,92.1%,https://s.click.aliexpress.com/e/_c3ySd9Vt,,,,,,
1005006437105453,https://ae-pic-a1.aliexpress-media.com/kf/S3bc0030f8fc04c1e9b7777f183ff37baG.jpg,,الطبية الرقمية المعصم مراقبة ضغط الدم معدل ضربات القلب نبض متر قياس مقياس ضغط الدم PR شاشة LCD الرعاية الصحية المحمولة,MAD 290.12,MAD 103.15,64%,MAD,7.0,MAD 7.22,7.0,MAD 7.22,10070,85.3%,https://s.click.aliexpress.com/e/_c2Q1pnRH,,,,,,
1005006425098100,https://ae-pic-a1.aliexpress-media.com/kf/S091216b0097541bcb8a5153f02a4d27dC.jpg,https://video.aliexpress-media.com/play/u/ae_sg_item/2676290184/p/1/e/6/t/10301/1100206936707.mp4,جهاز قياس ضغط الدم للمعصم قابل لإعادة الشحن، جهاز قياس ضغط الدم الطبي باللغة الإنجليزية، جهاز قياس ضغط الدم الرقمي، مقياس التوتر الصحي,MAD 316.78,MAD 117.27,62%,MAD,7.0,MAD 8.21,7.0,MAD 8.21,5077,90.6%,https://s.click.aliexpress.com/e/_c3oqPUoT,,,,,,
1005006621855662,https://ae-pic-a1.aliexpress-media.com/kf/S474a6690f3b845a6b12df841f52216c7D.jpg,https://video.aliexpress-media.com/play/u/ae_sg_item/2676290184/p/1/e/6/t/10301/1100217758220.mp4,شاشة لمس جديدة LED قابلة لإعادة الشحن مراقبة ضغط الدم للمعصم الروسية/العربية/الإسبانية مقياس توتر الصوت BP,MAD 320.22,MAD 119.10,62%,MAD,7.0,MAD 8.34,7.0,MAD 8.34,3274,89.9%,https://s.click.aliexpress.com/e/_c3zcPTrH,,,,,,
1005009354781704,https://ae-pic-a1.aliexpress-media.com/kf/Sf5173af2d52b415eb0ccec12fbcc16d7e.jpg,,مكبر إشارة واي فاي بسرعة 300 ميجابت في الثانية، مكرر لاسلكي، موسع نطاق واي فاي، معزز إشارة 802.11N، مكرر ومضخم إشارة,MAD 240.37,MAD 69.56,71%,MAD,7.0,MAD 4.87,7.0,MAD 4.87,762,89.8%,https://s.click.aliexpress.com/e/_c3MJO6jv,,,,,,
1005006903254761,https://ae-pic-a1.aliexpress-media.com/kf/Sb724db9b9a1f4f99836426840bb7099df.jpg,,لاسلكي واي فاي مكرر واي فاي إشارة الداعم ثنائي النطاق 2.4G موسع واي فاي 802.11bgn جيجابت الاتحاد الأوروبي الولايات المتحدة المقابس واي فاي مكبر للصوت WPS توجيه,MAD 194.69,MAD 99.30,48%,MAD,7.0,MAD 6.95,7.0,MAD 6.95,471,87.8%,https://s.click.aliexpress.com/e/_c3FH6ObZ,,,,,,
1005009896481151,https://ae-pic-a1.aliexpress-media.com/kf/S2da42d64285945f2adeaa2743ce99eacP.jpg,,مكرر لاسلكي واي فاي مكبر صوت أحادي الاتحاد الأوروبي الولايات المتحدة المنزل راوتر 300 متر اختراق الجدار لمسافات طويلة متوافق مع أجهزة متعددة,MAD 252.82,MAD 75.79,70%,MAD,7.0,MAD 5.31,7.0,MAD 5.31,812,87.2%,https://s.click.aliexpress.com/e/_c3fuQzvD,,,,,,
1005010778227570,https://ae-pic-a1.aliexpress-media.com/kf/S1b0c5b645cd34838ac451015253155a42.jpg,,مكرر واي فاي لاسلكي 2.4 جيجا هرتز بسرعة 300 ميجابت في الثانية، موسع نطاق إشارة الواي فاي، مقوي إشارة واي فاي بعيد المدى، راوتر واي فاي، موسع شبكة منزلية,MAD 160.55,MAD 29.66,81%,MAD,7.0,MAD 2.08,7.0,MAD 2.08,1645,46.6%,https://s.click.aliexpress.com/e/_c3zXfXpZ,,,,,,
1005008512717177,https://ae-pic-a1.aliexpress-media.com/kf/S7e74fd4887d3419fbf95f16310d939ea3.jpg,,Kebidumei 1200Mbps لاسلكي واي فاي مكرر موسع واي فاي إشارة الداعم 2.4G 5G ثنائي النطاق شبكة 802.11ac واي فاي مكبر للصوت راوتر,MAD 323.76,MAD 108.02,66%,MAD,7.0,MAD 7.56,7.0,MAD 7.56,11765,88.1%,https://s.click.aliexpress.com/e/_c3vY6tsJ,,,,,,
1005009357018019,https://ae-pic-a1.aliexpress-media.com/kf/Sf67cf10ac079484281fe0c4461efa450X.jpg,,300Mbps واي فاي مكبر للصوت اللاسلكية واي فاي مكرر موسع 802.11N الداعم مكرر مكبر للصوت واي فاي ريبيتر,MAD 230.76,MAD 62.44,72%,MAD,7.0,MAD 4.37,7.0,MAD 4.37,4382,90.2%,https://s.click.aliexpress.com/e/_c42ZpwqJ,,,,,,
1005007244376156,https://ae-pic-a1.aliexpress-media.com/kf/Sf2700e58134c41d39d12fe3b589adda9l.jpg,,جهاز قياس ضغط الدم التلقائي للذراع العلوي BP مقياس ضغط الدم مقياس التوتر لقياس الضغط الشرياني,MAD 358.07,MAD 103.72,71%,MAD,7.0,MAD 7.26,7.0,MAD 7.26,22311,89.0%,https://s.click.aliexpress.com/e/_c3SrmeDH,,,,,,
1005007038485162,https://ae-pic-a1.aliexpress-media.com/kf/S1b0c5b645cd34838ac451015253155a42.jpg,,مكرر واي فاي لاسلكي 2.4 جيجا هرتز بسرعة 300 ميجابت في الثانية، موسع نطاق إشارة الواي فاي، مقوي إشارة واي فاي بعيد المدى، راوتر واي فاي، موسع شبكة منزلية,MAD 153.46,MAD 26.11,82%,MAD,7.0,MAD 1.83,7.0,MAD 1.83,9838,98.0%,https://s.click.aliexpress.com/e/_c3HTaFrz,,,,,,
1005008248037685,https://ae-pic-a1.aliexpress-media.com/kf/S6e3416ec69754c9abbd97b07b4078cbfd.png,,مكرر واي فاي لاسلكي 300Mbps موسع واي فاي مكبر للصوت الداعم راوتر 802.11N WPS طويل المدى 7 حالة ضوء واي فاي مكرر للكمبيوتر,MAD 236.56,MAD 67.66,71%,MAD,7.0,MAD 4.74,7.0,MAD 4.74,14642,98.0%,https://s.click.aliexpress.com/e/_c385gV67,,,,,,
1005008257591194,https://ae-pic-a1.aliexpress-media.com/kf/S41fbca387f6e45168587225174a2cbd62.jpg,,Ruiandsion 1/2/4/10 قطعة E10 LED لمبة 4.5 فولت 6 فولت برغي قاعدة مصباح 2835 رقائق الدافئة الأبيض مشاعل المصابيح الأمامية أضواء الشعلة 240 التجويف,MAD 32.62,MAD 10.02,69%,MAD,8.0,MAD 0.80,7.0,MAD 0.70,264,95.9%,https://s.click.aliexpress.com/e/_c2IQ3Sjp,,,,,,
1005006412902552,https://ae-pic-a1.aliexpress-media.com/kf/Sdad8f93897064f0faffdf6819509097aY.jpg,,2.4G 300Mbps اللاسلكية USB واي فاي مكرر موسع واي فاي مكبر صوت أحادي الداعم طويلة المدى موزع إنترنت واي فاي تمديد شبكة المنزل,MAD 123.80,MAD 44.71,63%,MAD,7.0,MAD 3.13,7.0,MAD 3.13,7368,88.9%,https://s.click.aliexpress.com/e/_c4nqmqxD,,,,,,
1005010444455083,https://ae-pic-a1.aliexpress-media.com/kf/S4140d6be8444438db5d6cd2731bc4619M.png,,الإناث الخماسية نجمة الخلخال سوار البوهيمي نمط الكاحل سلسلة أنيقة مجوهرات للقدم للنساء الساق سلسلة الملحقات,MAD 43.53,MAD 41.91,3%,MAD,7.0,MAD 2.93,7.0,MAD 2.93,458,98.0%,https://s.click.aliexpress.com/e/_c4r3aJib,,,,,,
1005009130170003,https://ae-pic-a1.aliexpress-media.com/kf/Se15931f5cd5d464ba0bc6278990d186dW.jpg,,ملصق تظليل النظارات الذكية Ray-Ban Meta & Gen 2 Wayfarer RW4012/RW4008/RW4006 Skyler Headliner & Oakley Meta HSTN,MAD 182.54,MAD 119.16,34%,MAD,7.0,MAD 8.34,7.0,MAD 8.34,3714,80.3%,https://s.click.aliexpress.com/e/_c4ERSYVd,,,,,,
1005007328310003,https://ae-pic-a1.aliexpress-media.com/kf/S97155a22fd4f499c9e79ff3c8f9125279.jpg,,ملابس داخلية بدون خياطة من الحرير الجليدي للنساء ، سراويل داخلية مثيرة للفتيات ، ملابس داخلية جيدة التهوية ، سراويل داخلية مريحة ، مقاس كبير ، 3 * *,MAD 63.01,MAD 12.39,80%,MAD,8.0,MAD 0.99,7.0,MAD 0.87,48,93.7%,https://s.click.aliexpress.com/e/_c2xcAolV,,,,,,
1005009638905913,https://ae-pic-a1.aliexpress-media.com/kf/S2fc93cf67b7c4c58a1f27959c92b4e17V.jpg,,مدينة شارع عرض بنة شارع تجارية صغيرة ، DIY بها بنفسك زهرة متجر مقهى كعكة الفاكهة منزل تجميع اللعب ، لهدايا الاطفال,MAD 29.36,MAD 10.02,65%,MAD,7.0,MAD 0.70,7.0,MAD 0.70,226,98.7%,https://s.click.aliexpress.com/e/_c2wWvA55,,,,,,
1005006953956032,https://ae-pic-a1.aliexpress-media.com/kf/S68f0417c1917447e97457d6d0bf86a44p.jpg,,300Mbps واي فاي مكرر عن بعد واي فاي مكبر للصوت 802.11N واي فاي إشارة الداعم شبكة مكبر للصوت للمنزل/المكتب مكرر لاسلكي,MAD 152.99,MAD 65.65,57%,MAD,7.0,MAD 4.60,7.0,MAD 4.60,2347,88.6%,https://s.click.aliexpress.com/e/_c4bUCR5D,,,,,,
1005007472899664,https://ae-pic-a1.aliexpress-media.com/kf/S45bfdc14f1b642fbb8a99b38d8b9daa6m.jpg,,جهاز مراقبة ضغط الدم للمعصم الرقمي القابل لإعادة الشحن ، مقياس ضغط الدم ، مقياس ضغط الدم ، مقياس التوتر ، جهاز مراقبة معدل ضربات القلب,MAD 352.35,MAD 122.02,65%,MAD,7.0,MAD 8.54,7.0,MAD 8.54,787,87.5%,https://s.click.aliexpress.com/e/_c3DN1ZEb,,,,,,
1005007750112070,https://ae-pic-a1.aliexpress-media.com/kf/S6a7066f909344ad7a576a43b3808a8ba0.jpg,https://video.aliexpress-media.com/play/u/ae_sg_item/2673482114/p/1/e/6/t/10301/1100212933067.mp4,1200Mbps واي فاي مكرر موسع لاسلكي واي فاي الداعم 5G 2.4G ثنائي النطاق شبكة مكبر للصوت طويلة المدى إشارة موزع إنترنت واي فاي المنزل,MAD 200.87,MAD 108.07,46%,MAD,7.0,MAD 7.56,7.0,MAD 7.56,872,82.0%,https://s.click.aliexpress.com/e/_c3MRWk3h,,,,,,
1005010544593717,https://ae-pic-a1.aliexpress-media.com/kf/S426db28187be480a85e4893e2b6ca4ccw.jpg,,محفظة نسائية صغيرة بسحاب للإغلاق من جلد البولي يوريثان، محفظة صغيرة بمشبك صلب متعدد البطاقات، محفظة قصيرة للعملات المعدنية,MAD 48.55,MAD 47.09,3%,MAD,8.0,MAD 3.77,7.0,MAD 3.30,26,100.0%,https://s.click.aliexpress.com/e/_c3vhNI5d,,,,,,
1005006863876394,https://ae-pic-a1.aliexpress-media.com/kf/S88c37fdb818442f3bf260b3cb6856875F.jpg,,جهاز قياس ضغط الدم للمعصم قابل لإعادة الشحن USB ، مقياس الصوت الإنجليزي ، أفضل مقياس ضغط الدم التلقائي Digita Sphygmomanom BP,MAD 340.87,MAD 119.81,64%,MAD,7.0,MAD 8.39,7.0,MAD 8.39,6479,98.0%,https://s.click.aliexpress.com/e/_c30YmrjH,,,,,,
1005008533267116,https://ae-pic-a1.aliexpress-media.com/kf/Sb665c262e590405a8452eae55b346f3d6.jpg,,القهوة الحليب مزبد إبريق كوب الفولاذ المقاوم للصدأ إسبرسو مقشدة أباريق أونصة قياس كوب مع صب صنبور القهوة,MAD 41.21,MAD 10.02,75%,MAD,8.0,MAD 0.80,7.0,MAD 0.70,588,91.4%,https://s.click.aliexpress.com/e/_c3D8qTcB,,,,,,
1005007527591454,https://ae-pic-a1.aliexpress-media.com/kf/S06a241953b4c44a3968a94d1533231c2I.jpg,,جهاز قياس ضغط الدم للمعصم قابل لإعادة الشحن LED، جهاز قياس توتر البث الصوتي باللغة الإنجليزية/الروسية/البرتغالية/الإسبانية، جهاز قياس التوتر BP,MAD 319.27,MAD 118.59,62%,MAD,7.0,MAD 8.30,7.0,MAD 8.30,2730,90.1%,https://s.click.aliexpress.com/e/_c2ISXLnd,,,,,,
1005006976591975,https://ae-pic-a1.aliexpress-media.com/kf/S8548b961360d4545970c53b45a0fd795t.jpg,https://video.aliexpress-media.com/play/u/ae_sg_item/2676290184/p/1/e/6/t/10301/1100206936707.mp4,قابلة للشحن المعصم مقياس ضغط الدم مراقبة ضغط الدم الطبية الإنجليزية صوت Digitlal Tensiometro الصحة مقياس التوتر,MAD 317.51,MAD 117.66,62%,MAD,7.0,MAD 8.24,7.0,MAD 8.24,1139,91.6%,https://s.click.aliexpress.com/e/_c4XBVoUL,,,,,,
1005007515098274,https://ae-pic-a1.aliexpress-media.com/kf/S162272193680435dbe738c5f4cc4b3daL.png,,الطبية الرقمية الذراع BP مراقبة ضغط الدم مقياس التوتر مقياس التوتر التلقائي مقياس ضغط الدم معدل ضربات القلب نبض متر مقياس التأكسج,MAD 151.10,MAD 26.44,82%,MAD,7.0,MAD 1.85,7.0,MAD 1.85,2818,89.4%,https://s.click.aliexpress.com/e/_c4eBfoXp,,,,,,
1005006997361114,https://ae-pic-a1.aliexpress-media.com/kf/S3bc0030f8fc04c1e9b7777f183ff37baG.jpg,,الطبية الرقمية المعصم مراقبة ضغط الدم معدل ضربات القلب نبض متر قياس مقياس ضغط الدم PR شاشة LCD الرعاية الصحية المحمولة,MAD 311.93,MAD 105.34,66%,MAD,7.0,MAD 7.37,7.0,MAD 7.37,11037,98.0%,https://s.click.aliexpress.com/e/_c4lpYEDH,,,,,,
1005009466536823,https://ae-pic-a1.aliexpress-media.com/kf/Se658ca31911647af8bf721697c9db823D.jpg,,KUULAA USB C إلى USB نوع C كابل 60 واط آيفون سامسونج آي باد برو شحن سريع شاحن الحبل شحن سريع كابل USB C,MAD 33.51,MAD 10.02,70%,MAD,9.0,MAD 0.90,9.0,MAD 0.90,547,98.8%,https://s.click.aliexpress.com/e/_c3mzyu3p,,,,,,
1005008074758536,https://ae-pic-a1.aliexpress-media.com/kf/S97c46821855a49c69cd41e51b8cd86b8i.jpg,,الطبية الأشعة تحت الحمراء حمى ميزان الحرارة الرقمي الأذن ميزان الحرارة الطفل الكبار عدم الاتصال درجة حرارة الجسم أو مقياس التأكسج الصغير أداة الأكسجين في الدم,MAD 151.00,MAD 30.91,79%,MAD,7.0,MAD 2.16,7.0,MAD 2.16,31026,90.1%,https://s.click.aliexpress.com/e/_c3Z9KYk3,,,,,,
1005010104046975,https://ae-pic-a1.aliexpress-media.com/kf/S77527f7594e34f9aa0d479c473c7c8e98.jpg,,سراويل داخلية نسائية من الدانتيل منخفضة الارتفاع مثيرة تسمح بمرور الهواء من القطن بدون خياطة ملابس داخلية مريحة,MAD 29.47,MAD 10.02,66%,MAD,8.0,MAD 0.80,7.0,MAD 0.70,29,100.0%,https://s.click.aliexpress.com/e/_c3nSSQAf,,,,,,
1005009249039369,https://ae-pic-a1.aliexpress-media.com/kf/S20a5aea75c6e4382abb6dbd7ce653ce2I.jpg,,Kebidumei 300Mbps اللاسلكية واي فاي مكرر واي فاي موسع مكبر للصوت 802.11N WPS طويلة المدى واي فاي الداعم مكبر للصوت واي فاي مكرر,MAD 246.52,MAD 72.64,70%,MAD,7.0,MAD 5.08,7.0,MAD 5.08,2387,90.2%,https://s.click.aliexpress.com/e/_c4EPCiiX,,,,,,
1005007987800391,https://ae-pic-a1.aliexpress-media.com/kf/S06a241953b4c44a3968a94d1533231c2I.jpg,,جهاز قياس ضغط الدم للمعصم قابل لإعادة الشحن LED، جهاز قياس توتر البث الصوتي باللغة الإنجليزية/الروسية/البرتغالية/الإسبانية، جهاز قياس التوتر BP,MAD 338.64,MAD 118.70,64%,MAD,7.0,MAD 8.31,7.0,MAD 8.31,6041,98.0%,https://s.click.aliexpress.com/e/_c4V2PvD1,,,,,,
1005006404185198,https://ae-pic-a1.aliexpress-media.com/kf/S5cd7e695156d42f691abb1b1c236306bx.jpg,,قناع تزلج بالاكلافا ثلاثي الأبعاد للدراجات النارية قناع الوجه الكامل في الهواء الطلق غطاء الرأس أشباح الجمجمة قناع الرجال النساء لجميع القديسين,MAD 42.33,MAD 10.02,76%,MAD,10.0,MAD 1.00,7.0,MAD 0.70,129,94.7%,https://s.click.aliexpress.com/e/_c3pF47Zh,,,,,,
1005004272229875,https://ae-pic-a1.aliexpress-media.com/kf/S9133f0910891435aa9a884373b92e0376.jpg,,مصباح عمل LED من RUIANDSION E10، مصباح تحذير صناعي يعمل بتيار متردد 220 فولت، ضوء مؤشر ميكانيكي، مصابيح عمل صغيرة 150 لومن باللون الأزرق,MAD 38.45,MAD 10.02,73%,MAD,8.0,MAD 0.80,7.0,MAD 0.70,325,96.0%,https://s.click.aliexpress.com/e/_c4c1SRnN,,,,,,
1005006855533042,https://ae-pic-a1.aliexpress-media.com/kf/S58daf2c5fee841b18c9e44dd55ad145dN.jpg,,جهاز تقوية إشارة واي فاي لاسلكي ، شبكة صغيرة على البخار ، مكرر ، النطاق العريض AP ، جهاز التوجيه المنزلي ، ملحق مكبر الصوت,MAD 258.33,MAD 75.97,70%,MAD,7.0,MAD 5.32,7.0,MAD 5.32,3497,87.7%,https://s.click.aliexpress.com/e/_c32o4XJ9,,,,,,
1005009744190630,https://ae-pic-a1.aliexpress-media.com/kf/Sc59dbaf94ac64339b94d8a634b921e3bH.jpg,,Kebidumei 1200Mbps واي فاي مكرر 2.4G 5G مكبر للصوت المنزل مكتب شبكة المدى موسع واي فاي إشارة الداعم موزع إنترنت واي فاي لاسلكي,MAD 317.55,MAD 104.97,66%,MAD,7.0,MAD 7.35,7.0,MAD 7.35,1509,85.4%,https://s.click.aliexpress.com/e/_c3lGnnJd,,,,,,
1005006412862805,https://ae-pic-a1.aliexpress-media.com/kf/Sa0c9bfb0117d4028a88d295e1a7fe2c4T.jpg,,1200Mbps اللاسلكية واي فاي مكرر واي فاي إشارة الداعم ثنائي النطاق 2.4G 5G موسع واي فاي 802.11ac جيجابت واي فاي مكبر للصوت WPS راوتر,MAD 227.95,MAD 124.90,45%,MAD,7.0,MAD 8.74,7.0,MAD 8.74,614,86.3%,https://s.click.aliexpress.com/e/_c3muTmY7,,,,,,
1005006482413957,https://ae-pic-a1.aliexpress-media.com/kf/S3b672b87eb0445d0aa0cefbb90039a62Y.jpg,,واي فاي مكرر مكبر صوت أحادي لاسلكي تمديد شبكة محسن الاتحاد الأوروبي الولايات المتحدة المنزل راوتر 300 متر من خلال جدار غرفة نوم تلقي تتحرك,MAD 271.45,MAD 82.40,69%,MAD,7.0,MAD 5.77,7.0,MAD 5.77,1511,89.0%,https://s.click.aliexpress.com/e/_c3s8yq47,,,,,,
1005004294487452,https://ae-pic-a1.aliexpress-media.com/kf/Sfced116a4e664674a0e511886978d780c.jpg,,1/2/4 قطعة E10 P13.5S LED صغير 4-6 فولت 2835 رقاقة مصباح يدوي العالمي استبدال في الهواء الطلق التخييم التنزه رضوخ دراجة مصباح 6000 كيلو,MAD 44.26,MAD 10.02,77%,MAD,8.0,MAD 0.80,7.0,MAD 0.70,1101,96.9%,https://s.click.aliexpress.com/e/_c3CzjZkJ,,,,,,
1005006861002512,https://ae-pic-a1.aliexpress-media.com/kf/S8d56f7a3ebde42e6b916d00e934a2c4fQ.jpg,,مكرر واي فاي لاسلكي 300 ميجابت في الثانية، موسع نطاق واي فاي عن بعد، مكبر إشارة واي فاي 802.11N، معزز إشارة، مكرر واي فاي أوروبي,MAD 261.52,MAD 80.14,69%,MAD,7.0,MAD 5.61,7.0,MAD 5.61,609,98.0%,https://s.click.aliexpress.com/e/_c4cgUPUX,,,,,,
1005006412847837,https://ae-pic-a1.aliexpress-media.com/kf/S6e3416ec69754c9abbd97b07b4078cbfd.png,,مكرر واي فاي لاسلكي 300Mbps موسع واي فاي مكبر للصوت الداعم راوتر 802.11N WPS طويل المدى 7 حالة ضوء واي فاي مكرر للكمبيوتر,MAD 152.38,MAD 66.71,56%,MAD,7.0,MAD 4.67,7.0,MAD 4.67,6194,90.5%,https://s.click.aliexpress.com/e/_c3SIxyNz,,,,,,
1005008512061091,https://ae-pic-a1.aliexpress-media.com/kf/Sb410e0a24d6244049172ba462810af51M.jpg,,Kebidumei 1200/300Mbps واي فاي مكرر مكبر للصوت 2.4G 5G شبكة المتوسع المدى موسع واي فاي إشارة الداعم موزع إنترنت واي فاي لاسلكي,MAD 313.10,MAD 102.79,67%,MAD,7.0,MAD 7.20,7.0,MAD 7.20,8970,85.5%,https://s.click.aliexpress.com/e/_c3YDmsiP,,,,,,
1005007010730030,https://ae-pic-a1.aliexpress-media.com/kf/S83dbfab3c7cf446a8bad3726941a9d27R.jpg,https://video.aliexpress-media.com/play/u/ae_sg_item/2676290184/p/1/e/6/t/10301/1100217739537.mp4,جديد LED مراقبة ضغط الدم المعصم قابلة للشحن الإنجليزية صوت البث مقياس ضغط الدم مقياس التوتر BP مراقب,MAD 352.91,MAD 118.78,66%,MAD,7.0,MAD 8.31,7.0,MAD 8.31,15592,98.0%,https://s.click.aliexpress.com/e/_c2QM11jV,,,,,,
1005005682992075,https://ae-pic-a1.aliexpress-media.com/kf/S28f94531fe154e04819952356df24785D.jpg,,EILIECK 316L الفولاذ المقاوم للصدأ الأخضر كريستال قلادة سوار أقراط للنساء مجوهرات Colorfast الفاخرة 3 قطعة مجموعة هدية حفلة,MAD 40.25,MAD 10.02,75%,MAD,8.0,MAD 0.80,7.0,MAD 0.70,115,94.7%,https://s.click.aliexpress.com/e/_c44c9aUT,,,,,,
1005008242803522,https://ae-pic-a1.aliexpress-media.com/kf/S24b1d79f14784f9eaa313d395eae40f08.jpg,,قابلة للشحن المعصم مراقبة ضغط الدم الطبية Baumanometro Digitlal Tensiometro الصحة مقياس التوتر مقياس ضغط الدم,MAD 334.68,MAD 130.12,61%,MAD,7.0,MAD 9.11,7.0,MAD 9.11,113,89.0%,https://s.click.aliexpress.com/e/_c356fTFz,,,,,,
1005008599808026,https://ae-pic-a1.aliexpress-media.com/kf/Sbe7e3bafcc0e442b90c8add8c22e311dQ.jpg,https://video.aliexpress-media.com/play/u/ae_sg_item/2679744303/p/1/e/6/t/10301/4000266554364.mp4,5/10 قطعة 75 مللي متر أسطوانة تقطيع صغيرة دائرية الراتنج طحن عجلة ل زاوية طاحونة تلميع أسطوانة تقطيع ورقة القطع الكهربائية,MAD 67.17,MAD 15.60,76%,MAD,7.0,MAD 1.09,7.0,MAD 1.09,1465,96.3%,https://s.click.aliexpress.com/e/_c3Nc4aDd,,,,,,
1005009468309202,https://ae-pic-a1.aliexpress-media.com/kf/S7727f3f254924026aa458aeb6af36ce5B.jpg,,300Mbps اللاسلكية واي فاي مكرر عن بعد موسع واي فاي واي فاي مكبر للصوت 802.11N واي فاي الداعم مكرر مكبر للصوت واي فاي ريبيتر,MAD 91.83,MAD 36.96,59%,MAD,7.0,MAD 2.59,7.0,MAD 2.59,82,92.7%,https://s.click.aliexpress.com/e/_c3GNqp79,,,,,,
1005007175932863,https://ae-pic-a1.aliexpress-media.com/kf/S6a18ed94d056497493cb223f671eec7aN.jpg,,مكرر توسيع واي فاي عالي السرعة ، معزز إشارة ، هوائي مدمج ، اختراق مستقر للحائط ،,MAD 274.99,MAD 84.12,69%,MAD,7.0,MAD 5.89,7.0,MAD 5.89,4,73.3%,https://s.click.aliexpress.com/e/_c4sj8xWF,,,,,,
1005005217800329,https://ae-pic-a1.aliexpress-media.com/kf/S7546d9da680242528074258ed618585e4.jpg,,مكرر لاسلكي WIFI Mbps عن بعد Wifi مكبر صوت WiFi. 11N مكبر صوت Wi Fi Reapeter,MAD 284.25,MAD 88.66,68%,MAD,7.0,MAD 6.21,7.0,MAD 6.21,5,100.0%,https://s.click.aliexpress.com/e/_c4n2EWll,,,,,,
1005010705090197,https://ae-pic-a1.aliexpress-media.com/kf/S335c47cee87342f2af9a468ddbc5c854l.jpg,,EILIECK جودة عالية الفولاذ المقاوم للصدأ تألق زركونيا قلادة للنساء ارتداء اليومي العصرية سلسلة عنق مقاوم للماء مجوهرات هدية,MAD 47.47,MAD 10.02,78%,MAD,7.0,MAD 0.70,7.0,MAD 0.70,34,100.0%,https://s.click.aliexpress.com/e/_c3bBV5Dp,,,,,,
1005005061550001,https://ae-pic-a1.aliexpress-media.com/kf/S7546d9da680242528074258ed618585e4.jpg,,مكرر لاسلكي WIFI Mbps عن بعد Wifi مكبر صوت WiFi. 11N مكبر صوت Wi Fi Reapeter,MAD 284.19,MAD 88.63,68%,MAD,7.0,MAD 6.20,7.0,MAD 6.20,24,92.7%,https://s.click.aliexpress.com/e/_c4L3pMEr,,,,,,
1005007424637962,https://ae-pic-a1.aliexpress-media.com/kf/Sd2b1a0bc11ad48069e03a0060a14070aL.jpg,,المكونات الطاردة للآفات بالموجات فوق الصوتية - التحكم الفعال في الحشرات في الأماكن المغلقة للبعوض والفئران والعناكب والنمل والصراصير - الطفل,MAD 124.18,MAD 13.95,88%,MAD,9.0,MAD 1.26,9.0,MAD 1.26,13561,83.2%,https://s.click.aliexpress.com/e/_c3CV4ANl,,,,,,
1005006237282757,https://ae-pic-a1.aliexpress-media.com/kf/S1c503222a90847b6b85933595dd96af6v.jpg,,FENVI مكرر واي فاي لاسلكي 300Mbps 2.4Ghz مكرر شبكة المتوسع المدى 802.11N/B/G مكرر واي فاي لاسلكي الداعم مكرر,MAD 245.26,MAD 91.63,62%,MAD,7.0,MAD 6.41,7.0,MAD 6.41,406,89.9%,https://s.click.aliexpress.com/e/_c4mQXINH,,,,,,
1005009475440582,https://ae-pic-a1.aliexpress-media.com/kf/S8ca6757b48524d9d94ad097f03886da8H.jpg,,1300Mbps واي فاي USB محول ثنائي النطاق 2.4G/5Ghz واي فاي دونغل USB3.0 عالية السرعة 802.11AC 4-هوائيات استقبال لاسلكي سائق مجاني,MAD 177.60,MAD 36.41,79%,MAD,7.0,MAD 2.55,7.0,MAD 2.55,1185,88.0%,https://s.click.aliexpress.com/e/_c2QwvPnd,,,,,,
1005004406513085,https://ae-pic-a1.aliexpress-media.com/kf/S21d12c86473d48a989357096b4a6401am.jpg,,10 قطعة/المجموعة الصلبة الألوان Grosgrain الشريط الانحناء مقاطع دبوس الفتاة فيونكات شعر بوتيك مشبك شعر Headware إكسسورات شعر الأطفال,MAD 35.43,MAD 35.43,0%,MAD,8.0,MAD 2.83,7.0,MAD 2.48,28,100.0%,https://s.click.aliexpress.com/e/_c3lVqDjz,,,,,,
1005007168829266,https://ae-pic-a1.aliexpress-media.com/kf/S6b5f91d0ded04e07954e5c9eec795587N.jpg,,Baseus USB نوع C شاحن 20 واط المحمولة USB C شاحن دعم نوع C PD شحن سريع آيفون 15 14 13 12 برو ماكس 11X8 Plus,MAD 318.49,MAD 108.62,65%,MAD,9.0,MAD 9.78,9.0,MAD 9.78,12061,98.9%,https://s.click.aliexpress.com/e/_c3y9VaqJ,,,,,,
1005008257188787,https://ae-pic-a1.aliexpress-media.com/kf/Sb8c3de9ff4184d9d9cb9176ec53da552k.jpg,https://video.aliexpress-media.com/play/u/ae_sg_item/2655937245/p/1/e/6/t/10301/4000263896738.mp4,50 قطعة/الحقيبة الملونة الأساسية النايلون العلاقات الشعر مرونة للفتيات ذيل حصان عقد Scrunchie شريط مطاطي طفل موضة إكسسوارات الشعر,MAD 23.39,MAD 10.02,57%,MAD,8.0,MAD 0.80,7.0,MAD 0.70,10735,91.1%,https://s.click.aliexpress.com/e/_c3z2Heo7,,,,,,
1005008463963246,https://ae-pic-a1.aliexpress-media.com/kf/S2bb04538fb06474ca48ab059a57c17afh.jpg,,LinkSun G-425-1 مجموعة أدوات قياس السكر في الدم 50/100 قطعة شرائط الاختبار Lancets لمراقبة مرض السكري مقياس السكر الرقمي مقياس السكر في الدم,MAD 111.75,MAD 52.06,53%,MAD,7.0,MAD 3.64,7.0,MAD 3.64,5405,92.7%,https://s.click.aliexpress.com/e/_c3x2oMc3,,,,,,
1005006132923681,https://ae-pic-a1.aliexpress-media.com/kf/S425143c8a1804fd58849c0408ab571c3h.jpg,,محول التيار الكهربائي ل ADP-160CR ADP-160ER ADP-160FR N15-160P1A N16-160P1A N17-160P1A لأجزاء وحدة التحكم PS4 سليم 22XX 25XX,MAD 976.92,MAD 457.38,53%,MAD,7.0,MAD 32.02,7.0,MAD 32.02,909,94.8%,https://s.click.aliexpress.com/e/_c45NpUuj,,,,,,
1005007208667271,https://ae-pic-a1.aliexpress-media.com/kf/S994d6bc139c6476dafa03fcd97867f646.png,,ميزان حرارة الحمى بالأشعة تحت الحمراء الطبية المنزلية الرقمية LCD الرضع الكبار عدم الاتصال بالليزر درجة حرارة الجسم الأذن ميزان الحرارة,MAD 160.56,MAD 34.47,78%,MAD,7.0,MAD 2.41,7.0,MAD 2.41,6086,92.4%,https://s.click.aliexpress.com/e/_c31yvfHp,,,,,,
1005007045460186,https://ae-pic-a1.aliexpress-media.com/kf/S88c37fdb818442f3bf260b3cb6856875F.jpg,,جهاز قياس ضغط الدم للمعصم قابل لإعادة الشحن USB ، مقياس الصوت الإنجليزي ، أفضل مقياس ضغط الدم التلقائي Digita Sphygmomanom BP,MAD 348.62,MAD 130.67,62%,MAD,7.0,MAD 9.15,7.0,MAD 9.15,332,86.9%,https://s.click.aliexpress.com/e/_c3sJ9POj,,,,,,
1005010719219651,https://ae-pic-a1.aliexpress-media.com/kf/S8d1816977a7f4f23818cb56050009f4cv.jpeg,,كاميرا واي فاي صغيرة A9 بدقة 1080 بكسل للمراقبة الأمنية، كاميرا لاسلكية للرؤية الليلية عن بعد، كاميرا مراقبة فيديو ذكية للمنزل، كاميرا صغيرة عالية الدقة,MAD 248.31,MAD 68.57,72%,MAD,7.0,MAD 4.80,7.0,MAD 4.80,1052,64.6%,https://s.click.aliexpress.com/e/_c3iSHoWn,,,,,,
1005007879084294,https://ae-pic-a1.aliexpress-media.com/kf/Sb96f4c5221c244518ddfd0b94c7883773.jpg,,هوائي تلفزيون 4K للتلفزيون الرقمي العالمي 1080P DVB-T2 4000 ميل HD الداعم ل RV هوائي السيارة الخارجي داخلي جهاز استقبال إشارات التلفزيون الذكي,MAD 175.20,MAD 45.74,73%,MAD,3.0,MAD 1.37,3.0,MAD 1.37,1293,80.9%,https://s.click.aliexpress.com/e/_c2wcOaFv,,,,,,
1005010742228459,https://ae-pic-a1.aliexpress-media.com/kf/Sc85e18c0280c4e37b007f6c408c424efA.jpg,https://video.aliexpress-media.com/play/u/ae_sg_item/2676290184/p/1/e/6/t/10301/1100217739537.mp4,جهاز قياس ضغط الدم بالمعصم قابل لإعادة الشحن بشاشة لمس LED جديد مع بث صوتي باللغات الإنجليزية/الروسية/العربية/الإسبانية,MAD 357.92,MAD 128.34,64%,MAD,7.0,MAD 8.98,7.0,MAD 8.98,140,87.7%,https://s.click.aliexpress.com/e/_c4Fj7i1z,,,,,,
1005008480264276,https://ae-pic-a1.aliexpress-media.com/kf/S4f90967b7dec4becbe861316f6e67708K.jpg,,مقياس التأكسج القابل لإعادة الشحن، ميزان حرارة الحمى بالأشعة تحت الحمراء، شاشة LCD رقمية للبالغين، درجة حرارة الجسم بالليزر، ميزان حرارة الأذن,MAD 233.31,MAD 66.03,71%,MAD,7.0,MAD 4.62,7.0,MAD 4.62,2255,93.3%,https://s.click.aliexpress.com/e/_c3QehZgP,,,,,,
1005001617961938,https://ae-pic-a1.aliexpress-media.com/kf/H0ba9ee6100154b70b487a059de8b22079.jpg,,بطاقات الذاكرة 4 جيجابايت 8 جيجابايت 16 جيجابايت عالية السرعة minisd 32 جيجابايت 64 جيجابايت فئة 10 بطاقة sd صغيرة cartao de memoria TF بطاقة للهواتف الذكية,MAD 23.08,MAD 10.02,56%,MAD,3.0,MAD 0.30,3.0,MAD 0.30,46360,88.9%,https://s.click.aliexpress.com/e/_c3aooy5H,,,,,,
1005008784338209,https://ae-pic-a1.aliexpress-media.com/kf/S582d71a496e941829b58b6b5c372ee23J.jpg,,WALRAM 300Mbps مكرر واي فاي لاسلكي 2.4G جهاز توجيه الإشارة 802.11N طويل المدى لاسلكي موسع واي فاي مكبر للصوت معزز واي فاي,MAD 314.68,MAD 100.42,68%,MAD,7.0,MAD 7.03,7.0,MAD 7.03,1744,87.5%,https://s.click.aliexpress.com/e/_c370xOpN,,,,,,
1005007755939196,https://ae-pic-a1.aliexpress-media.com/kf/S2b3ef3fa051f4ef9b48bb15934dde7c6K.jpg,,طعوم صيد أسماك صغيرة يابانية ، طُعم نهر ، غرق صلب ، صغيرة ، جثم ، سمك السلمون المرقط ، باس ، جي ، 52,MAD 29.20,MAD 10.02,65%,MAD,7.0,MAD 0.70,7.0,MAD 0.70,743,97.4%,https://s.click.aliexpress.com/e/_c3c48gHd,,,,,,
1005007005029818,https://ae-pic-a1.aliexpress-media.com/kf/Saaa9ce684fe54881af5b55b55678e0f8y.png,,مقياس التوتر معدل ضربات القلب نبض متر BP مراقب صحي الرقمية الذراع ضغط الدم متر الكفة الطبية التلقائي مقياس توتر الضغط,MAD 139.74,MAD 22.04,84%,MAD,7.0,MAD 1.54,7.0,MAD 1.54,3184,88.6%,https://s.click.aliexpress.com/e/_c3Ou7e5V,,,,,,
1005004216877293,https://ae-pic-a1.aliexpress-media.com/kf/Sc9154d69528f4cf18153bd3e78c38110g.jpg,,300Mbps اللاسلكية واي فاي مكرر عن بعد موسع واي فاي واي فاي مكبر للصوت 802.11N معزز Wi-Fi تكرار واي فاي نقطة وصول Reapeter,MAD 100.94,MAD 50.32,50%,MAD,8.0,MAD 4.03,7.0,MAD 3.52,23,96.8%,https://s.click.aliexpress.com/e/_c45ZMHCX,,,,,,
1005008828228607,https://ae-pic-a1.aliexpress-media.com/kf/S7093fb9264af4cffbd11acb4079ee8bcy.jpg,,0.2-0.3 مللي متر إبرة مجهرية لنمو شعر الوجه والجسم ديرما الأسطوانة للبشرة اللحية 540 إبر مايكرو الوجه لفة أداة,MAD 136.65,MAD 17.71,87%,MAD,7.0,MAD 1.24,7.0,MAD 1.24,2474,91.5%,https://s.click.aliexpress.com/e/_c4Tberbd,,,,,,
1005006904431939,https://ae-pic-a1.aliexpress-media.com/kf/S26c72574b2674e478ace5a80037ee0143.jpeg,,كاميرا A9 واي فاي صغيرة لاسلكية لتسجيل الفيديو، كاميرا حماية ذكية للمراقبة المنزلية للرضع والحيوانات الأليفة,MAD 199.01,MAD 48.89,75%,MAD,7.0,MAD 3.42,7.0,MAD 3.42,11080,98.0%,https://s.click.aliexpress.com/e/_c4T4D9fl,,,,,,
1005007244139650,https://ae-pic-a1.aliexpress-media.com/kf/See1847f1343c4b27afb678e3b2fd6664A.jpg,,8 في 2 USB + نوع C HUB محطة إرساء مع 3.5 مللي متر الصوت مهايئ الرافعة مايكرو SD قارئ بطاقات الكمبيوتر المحمول اللوحي الهاتف القرص محول,MAD 191.64,MAD 28.93,84%,MAD,3.0,MAD 0.87,3.0,MAD 0.87,107561,94.5%,https://s.click.aliexpress.com/e/_c34s2XyX,,,,,,
1005009885345522,https://ae-pic-a1.aliexpress-media.com/kf/S99263ae482d7413e95369bc4f522db16k.jpg,,XUNYOU-LINK 4G LTE موزع إنترنت واي فاي واي فاي 6 300Mbps سيم مودم لاسلكي واي فاي مودم دعم 32 جهاز موزع إنترنت واي فاي لآسيا أفريقيا أوروبا,MAD 967.02,MAD 403.88,58%,MAD,7.0,MAD 28.27,7.0,MAD 28.27,2333,93.8%,https://s.click.aliexpress.com/e/_c347Hocx,,,,,,
1005009628075298,https://ae-pic-a1.aliexpress-media.com/kf/S1c72289909a44b3e812ee931b125b77b5.jpg,,معزز إشارة لاسلكية موسع واي فاي كعكة صغيرة على البخار مكرر شبكة Ap النطاق العريض جهاز توجيه منزلي تمديد تضخيم الإشارة,MAD 95.98,MAD 41.21,57%,MAD,7.0,MAD 2.88,7.0,MAD 2.88,89,84.8%,https://s.click.aliexpress.com/e/_c4NxFuQP,,,,,,
1005009186891606,https://ae-pic-a1.aliexpress-media.com/kf/S2bff0239478b4b688c3b09ff525e8d2fq.jpg,,5G 2.4G ثنائي النطاق 300Mbps 1200Mbps واي فاي مكرر موسع لاسلكي واي فاي الداعم شبكة مكبر للصوت طويلة المدى إشارة موزع إنترنت واي فاي,MAD 315.33,MAD 103.90,67%,MAD,7.0,MAD 7.27,7.0,MAD 7.27,653,86.2%,https://s.click.aliexpress.com/e/_c4DCWCH5,,,,,,
1005006904595403,https://ae-pic-a1.aliexpress-media.com/kf/Sd069791750ff45b5a2ff409d17250bfbs.jpg,,جهاز مراقبة ضغط الدم الرقمي المحمول للمعصم - شاشة LCD لمقياس نبض معدل ضربات القلب ومقياس ضغط الدم للرعاية الصحية,MAD 324.35,MAD 111.55,65%,MAD,7.0,MAD 7.81,7.0,MAD 7.81,42932,98.0%,https://s.click.aliexpress.com/e/_c35iJcZH,,,,,,
1005010748701173,https://ae-pic-a1.aliexpress-media.com/kf/S1e2a82dc194c4056b95aab63f7761f2bI.jpg,,ساعات رجالية فاخرة رفيعة للغاية بحزام شبكي، ساعات يد رجالية أنيقة للأعمال بحركة كوارتز تناظرية,MAD 181.96,MAD 38.54,78%,MAD,7.0,MAD 2.70,7.0,MAD 2.70,693,83.9%,https://s.click.aliexpress.com/e/_c3OF5G9z,,,,,,
1005007309583603,https://ae-pic-a1.aliexpress-media.com/kf/S07e480747dea44168097532a38cd6fff4.jpg,,حافظة لتخزين خراطيش ثاني أكسيد الكربون/أكسيد النيتروز (الحافظة فقط) |   40 فتحة لـ 8 جرام/12 جرام |   متوافق مع كروسمان/أوماركس/ليلاند |   واقي صلب من مادة EVA,MAD 360.53,MAD 144.07,60%,MAD,7.0,MAD 10.08,7.0,MAD 10.08,2064,98.1%,https://s.click.aliexpress.com/e/_c31OtKD9,,,,,,
1005008844907630,https://ae-pic-a1.aliexpress-media.com/kf/S9637668e5cf54caf939ee66a5826b76dh.jpg,https://video.aliexpress-media.com/play/u/ae_sg_item/2678090319/p/1/e/6/t/10301/1100205716172.mp4,الذراع الطبية مقياس ضغط الدم مقياس التوتر مقياس التوتر الكفة حمى ميزان الحرارة مقياس التأكسج معدل ضربات القلب 3 في 1 مجموعة,MAD 547.56,MAD 223.16,59%,MAD,7.0,MAD 15.62,7.0,MAD 15.62,2129,89.9%,https://s.click.aliexpress.com/e/_c3bJ8W9l,,,,,,
1005006255138575,https://ae-pic-a1.aliexpress-media.com/kf/S3a00d4db08ed403e86a985a503ecc2f4O.jpg,,300Mbps واي فاي مكرر موسع واي فاي مكبر للصوت واي فاي الداعم واي فاي إشارة 802.11N طويلة المدى اللاسلكية واي فاي مكرر نقطة الوصول,MAD 91.22,MAD 40.60,55%,MAD,7.0,MAD 2.84,7.0,MAD 2.84,403,93.4%,https://s.click.aliexpress.com/e/_c3zUrjQb,,,,,,
1005010672399951,https://ae-pic-a1.aliexpress-media.com/kf/S5afad7aee5334134ae4230da7ca66279R.jpeg,,مكبر إشارة واي فاي ثنائي النطاق AC1200/AC300 2.4 جيجا/5 جيجا موسع نطاق الشبكة مكرر لاسلكي راوتر لاسلكي معزز إشارة,MAD 363.66,MAD 123.93,65%,MAD,7.0,MAD 8.68,7.0,MAD 8.68,1333,86.5%,https://s.click.aliexpress.com/e/_c3pEYAlN,,,,,,
1005007996313165,https://ae-pic-a1.aliexpress-media.com/kf/Se461d7425ef742ec936f6a1917f7c4d9Q.jpg,,سماعات ألعاب ASUS RGB QUAD-DAC 7.1 قناة USB فوق الأذن PC PS4 PS5 Xbox One غطاء أذن ناعم مزود بخاصية إلغاء الضوضاء,MAD 3763.03,MAD 1868.51,50%,MAD,3.0,MAD 56.06,3.0,MAD 56.06,6,100.0%,https://s.click.aliexpress.com/e/_c3vGF8Er,,,,,,
1005004992896883,https://ae-pic-a1.aliexpress-media.com/kf/S6b5f91d0ded04e07954e5c9eec795587N.jpg,https://video.aliexpress-media.com/play/u/ae_sg_item/2923846932/p/1/e/6/t/10301/317177836063.mp4,Baseus USB نوع C شاحن 20 واط المحمولة USB C شاحن دعم نوع C PD شحن سريع آيفون 15 14 13 12 برو ماكس 11X8 Plus,MAD 185.58,MAD 97.85,47%,MAD,9.0,MAD 8.81,9.0,MAD 8.81,10011,98.2%,https://s.click.aliexpress.com/e/_c4DALY2r,,,,,,
1005006779445112,https://ae-pic-a1.aliexpress-media.com/kf/S568c902db2cf46fa808dab3fbcb3e737W.jpg,,ماوس لاسلكي RGB قابل لإعادة الشحن بلوتوث الفئران كمبيوتر لاسلكي Mause LED الخلفية ماوس ألعاب مريح لأجهزة الكمبيوتر المحمول 3600 ديسيبل متوحد الخواص,MAD 191.22,MAD 10.02,94%,MAD,3.0,MAD 0.30,3.0,MAD 0.30,27573,94.0%,https://s.click.aliexpress.com/e/_c3MXzjN1,,,,,,
1005006426983295,https://ae-pic-a1.aliexpress-media.com/kf/S5c218fa632f74f4aa94e033b37abc6c3S.jpg,,300Mbps اللاسلكية واي فاي مكرر 2.4G إشارة راوتر 802.11N طويلة المدى اللاسلكية موسع واي فاي مكبر للصوت واي فاي الداعم,MAD 340.61,MAD 119.69,64%,MAD,7.0,MAD 8.38,7.0,MAD 8.38,20,80.0%,https://s.click.aliexpress.com/e/_c4KrcyIX,,,,,,
1005006015766778,https://ae-pic-a1.aliexpress-media.com/kf/Sf4d4e73247cf4175b52ae4784e500620U.jpg,https://video.aliexpress-media.com/play/u/ae_sg_item/2675568340/p/1/e/6/t/10301/1100180298887.mp4,EMS نبض الكهربائية العضلات محفز الظهر الرقبة الجسم مدلك عشرات الوخز بالإبر ميريديان العلاج الطبيعي أدوات مساج رقمية,MAD 252.00,MAD 87.98,65%,MAD,7.0,MAD 6.16,7.0,MAD 6.16,8765,89.8%,https://s.click.aliexpress.com/e/_c4pZ7Zh1,,,,,,
1005006358859374,https://ae-pic-a1.aliexpress-media.com/kf/S6a7066f909344ad7a576a43b3808a8ba0.jpg,,1200Mbps واي فاي مكرر موسع لاسلكي واي فاي الداعم 5G 2.4G ثنائي النطاق شبكة مكبر للصوت طويلة المدى إشارة موزع إنترنت واي فاي المنزل,MAD 176.76,MAD 164.03,7%,MAD,7.0,MAD 11.48,7.0,MAD 11.48,106,90.3%,https://s.click.aliexpress.com/e/_c3MZ5AsF,,,,,,
1005006955531635,https://ae-pic-a1.aliexpress-media.com/kf/S80e495e17fa040bab8937ecd48b86209t.png,,واي فاي مكرر راوتر لاسلكي 1200Mbps 2.4G 5G غطاء إشارة موسع مكاسب عالية 6 هوائي شبكة مكبر للصوت المدى إشارة الداعم,MAD 240.72,MAD 134.74,44%,MAD,7.0,MAD 9.43,7.0,MAD 9.43,383,91.0%,https://s.click.aliexpress.com/e/_c3TX95Dp,,,,,,
1005007262803719,https://ae-pic-a1.aliexpress-media.com/kf/S5691d119ab1c45c3a305427cd33f5abeD.jpg,,مجموعات أدوات لحام كهربائية 2026 (SKU:10-IN-1)(16-IN-1)(20-IN-1) بقوة 60 واط، قابلة لتعديل درجة الحرارة، مع رؤوس لحام قابلة للاستبدال,MAD 219.25,MAD 38.92,82%,MAD,7.0,MAD 2.72,7.0,MAD 2.72,6440,90.8%,https://s.click.aliexpress.com/e/_c3iOH7R5,,,,,,
1005008677342922,https://ae-pic-a1.aliexpress-media.com/kf/S6c5b751d2b624454b00f15be42721203Z.jpg,,قابلة للشحن المعصم مراقبة ضغط الدم الطبية الروسية/الإنجليزية صوت Digitlal Tensiometro الصحة مقياس ضغط الدم مقياس التوتر,MAD 379.16,MAD 135.17,64%,MAD,7.0,MAD 9.46,7.0,MAD 9.46,501,90.4%,https://s.click.aliexpress.com/e/_c39h8x2T,,,,,,
1005007530336684,https://ae-pic-a1.aliexpress-media.com/kf/Scb376afb07be4d0588f5dfa93b3789729.jpg,https://video.aliexpress-media.com/play/u/ae_sg_item/202451404/p/1/e/6/t/10301/4000176538964.mp4,ANENG SZ308 مقياس رقمي متعدد التيار المتناوب/تيار مستمر الحالي متر الجهد المقاومة متر كهربائي LCD الخلفية أوم مربع موجة اختبار,MAD 147.27,MAD 42.08,71%,MAD,7.0,MAD 2.95,7.0,MAD 2.95,45782,91.1%,https://s.click.aliexpress.com/e/_c4CUaatH,,,,,,
1005005611757828,https://ae-pic-a1.aliexpress-media.com/kf/S6dbfaa4c3a694ed5997ae4e9a0ca0279N.jpg,https://video.aliexpress-media.com/play/u/ae_sg_item/2673912280/p/1/e/6/t/10301/1100152097177.mp4,جهاز قياس ضغط الدم الذكي Kingclinic الرقمي الإلكتروني المحمول من النوع الذي يعمل بنظام قياس ضغط الدم,MAD 606.33,MAD 264.66,56%,MAD,7.0,MAD 18.53,7.0,MAD 18.53,844,95.1%,https://s.click.aliexpress.com/e/_c3HZhfxl,,,,,,
1005007610968407,https://ae-pic-a1.aliexpress-media.com/kf/S616459c59ece42749fad346133ceebbbH.jpg,,ABX نوع المعصم مراقبة ضغط الدم شاشة LED قياس سريع مقياس التوتر الرقمي BP مقياس التوتر معدل ضربات القلب USB قابلة للشحن,MAD 135.77,MAD 135.77,0%,MAD,7.0,MAD 9.50,7.0,MAD 9.50,28,90.0%,https://s.click.aliexpress.com/e/_c3BGfymR,,,,,,
4001230637774,https://ae-pic-a1.aliexpress-media.com/kf/S0bc6ba414f6f4672ab46045f3f81d952X.jpg,,2 قطعة E10 مصباح LED صغير 5630 رقاقة المسمار 3 فولت 6 فولت 12 فولت للخارجية ضوء مصباح يدوي فانوس الشعلة لمبة الطيار مصابيح آلة مصباح إشارة,MAD 35.18,MAD 10.02,71%,MAD,8.0,MAD 0.80,7.0,MAD 0.70,203,97.1%,https://s.click.aliexpress.com/e/_c3ri9ToJ,,,,,,
1005006898161189,https://ae-pic-a1.aliexpress-media.com/kf/S856fa51c96994ee4bac15ff6f4c42c5cg.jpg,,ELM327 V2.1 Obd2 الماسح الضوئي بلوتوث أداة تشخيص السيارة لنظام أندرويد/IOS قارئ الرمز كاشف أخطاء السيارات,MAD 162.66,MAD 29.09,82%,MAD,7.0,MAD 2.04,7.0,MAD 2.04,4634,87.4%,https://s.click.aliexpress.com/e/_c3LhihDZ,,,,,,
1005010143656982,https://ae-pic-a1.aliexpress-media.com/kf/Sfdb9e0cced364bd58789bb31fda3444fo.jpg,,تلسكوبي لاقط المغناطيسي الحديد قضيب المنزلية إصلاح السيارات والفحص أداة قوية المغناطيسي المعادن المسمار شفط قضيب,MAD 187.18,MAD 42.97,77%,MAD,7.0,MAD 3.01,7.0,MAD 3.01,414,95.6%,https://s.click.aliexpress.com/e/_c4FpwbGJ,,,,,,
1005008198245281,https://ae-pic-a1.aliexpress-media.com/kf/Sd29c3c7838ca48c5bfd2b674a60920efk.jpg,,الجلد الأسود الدافئة النساء الجوارب رشاقته الحرارية الشتاء الجوارب الصوف الكشمير النايلون سلس الثلوج جورب المخملية للجنسين جوارب الموضة,MAD 32.60,MAD 10.02,69%,MAD,7.0,MAD 0.70,7.0,MAD 0.70,111,94.2%,https://s.click.aliexpress.com/e/_c3UrcUAJ,,,,,,
1005007409250342,https://ae-pic-a1.aliexpress-media.com/kf/S1133454feefa4343a597fe8547a20c10V.jpg,,2024 Musion غطاء رأس خوذة دراجة نارية غطاء داخلي التصميم الأصلي امتصاص العرق عالية تمتد قبعة رياضية في الهواء الطلق للكبار,MAD 35.46,MAD 10.02,71%,MAD,8.0,MAD 0.80,7.0,MAD 0.70,226,99.5%,https://s.click.aliexpress.com/e/_c4KkvURh,,,,,,
1005006894961915,https://ae-pic-a1.aliexpress-media.com/kf/S744beb2399d54d85a2001b7f756f5748I.jpg,,12 زوج/وحدة الوردي تألق الزفاف وأقراط المرأة مجموعة الرجال كريستال مجوهرات اكسسوارات أوبيرون مجوهرات أقراط,MAD 23.51,MAD 22.91,2%,MAD,13.5,MAD 3.09,7.0,MAD 1.60,20,76.0%,https://s.click.aliexpress.com/e/_c4tF3MdN,,,,,,
1005006928397175,https://ae-pic-a1.aliexpress-media.com/kf/Sc6799968f2fb4fe1b69a8363f840c2d2U.jpg,,غطاء فتحة تهوية خزان الوقود والزيت لدراجات ياماها YZ WR وهوندا CR CRF وكاواساكي KX KLX وسوزوكي RM RMZ وKTM EXC SX PRO BSE ودراجات ATV - عالمي,MAD 25.04,MAD 10.02,59%,MAD,8.0,MAD 0.80,7.0,MAD 0.70,283,99.4%,https://s.click.aliexpress.com/e/_c45ux8OR,,,,,,
1005010037322308,https://ae-pic-a1.aliexpress-media.com/kf/Sc16953b096af48378407cde0ad4450ebo.jpg,https://video.aliexpress-media.com/play/u/ae_sg_item/2676290184/p/1/e/6/t/10301/1100206334917.mp4,التلقائي الرقمية الذراع ضغط الدم متر 32 سنتيمتر الكفة الضغط الطبي مقياس التوتر مقياس التوتر Baumanometer نبض مقياس ضغط الدم,MAD 401.56,MAD 150.16,62%,MAD,7.0,MAD 10.51,7.0,MAD 10.51,1704,98.0%,https://s.click.aliexpress.com/e/_c3S8iUXD,,,,,,
1005006966284709,https://ae-pic-a1.aliexpress-media.com/kf/Sca7c0663c9a4415687f5deac667a1dcaO.jpg,,Xiaomi Pro 300Mbps WiFi Extender Booster 2.4G مكرر لاسلكي، مضخم إشارة شبكة هوائي مزدوج لتغطية جهاز التوجيه المنزلي,MAD 492.66,MAD 195.71,60%,MAD,7.0,MAD 13.70,7.0,MAD 13.70,8093,98.0%,https://s.click.aliexpress.com/e/_c2xy3djd,,,,,,
1005009577161803,https://ae-pic-a1.aliexpress-media.com/kf/Se56eca7fcf5d4b34a23050b731ff2e54M.jpg,,GIOIO الفولاذ المقاوم للصدأ نجم البحر صدف سوار مطلية بالذهب قلادة أساور للنساء مجوهرات مقاوم للماء العصرية مجوهرات هدية,MAD 51.04,MAD 10.02,80%,MAD,8.0,MAD 0.80,7.0,MAD 0.70,840,90.2%,https://s.click.aliexpress.com/e/_c3UQnReT,,,,,,
1005008980315353,https://ae-pic-a1.aliexpress-media.com/kf/S47613ddc935845179be058429dc19386Z.jpg,,Pro'skit Star - مفك براغي سداسي على شكل مع ثقوب وهيكل مجوف T1 T2 T3 T4 T5 T6 T7 T8 T9 للعمل الفعال,MAD 60.74,MAD 10.12,83%,MAD,7.0,MAD 0.71,7.0,MAD 0.71,137,94.1%,https://s.click.aliexpress.com/e/_c382sitd,,,,,,
1005008852850736,https://ae-pic-a1.aliexpress-media.com/kf/S12d5c0996f6f42c3b3d94a601c2ef73f9.jpg,,واقي المعصم، غمد الوتر، المفاصل المضادة للتواء، حزام اليد، كرة السلة، التنس، كرة الريشة، واقي المعصم الرياضي للياقة البدنية,MAD 45.84,MAD 10.02,78%,MAD,8.0,MAD 0.80,7.0,MAD 0.70,629,92.4%,https://s.click.aliexpress.com/e/_c4Ugedrd,,,,,,
1005009093909777,https://ae-pic-a1.aliexpress-media.com/kf/Sab862707270c4742b1b4bd5b44461fd4q.jpg,,راديو صغير للجيب في حالات الطوارئ، راديو FM AM، مكبر صوت مدمج، جهاز استقبال راديو يعمل بالبطارية، أفضل مشغل للمشي المنزلي في كبار السن,MAD 255.43,MAD 77.10,69%,MAD,7.0,MAD 5.40,7.0,MAD 5.40,870,90.6%,https://s.click.aliexpress.com/e/_c2RWxD8B,,,,,,
1005006106024805,https://ae-pic-a1.aliexpress-media.com/kf/S353d2fd55d6a4b1bac1d5c331536c56cZ.jpg,,L الكوع كابل 100 واط USB C إلى نوع C 4.0 3.0 كابل شاحن سريع ل Xiaomi سامسونج ماك بوك باد الهاتف المحمول الحبل كابل يو اس بي TypeC,MAD 36.04,MAD 10.02,72%,MAD,5.0,MAD 0.50,9.0,MAD 0.90,323,96.5%,https://s.click.aliexpress.com/e/_c33hjbMn,,,,,,
1005006398313417,https://ae-pic-a1.aliexpress-media.com/kf/Sdd87598da8604c108ef780937045fc65v.jpg,,غطاء مقعد المرحاض دافئ ناعم أكريليك قابل للغسل حصيرة ديكور المنزل كلوسيستول حصيرة مقعد غطاء غطاء المرحاض اكسسوارات الحمام المنزل,MAD 34.59,MAD 10.02,71%,MAD,8.0,MAD 0.80,7.0,MAD 0.70,2360,89.0%,https://s.click.aliexpress.com/e/_c3rcEha7,,,,,,
1005005834640339,https://ae-pic-a1.aliexpress-media.com/kf/H1fb87fe7e5e34f5baf5b8306ec3a7e52B.jpg,https://video.aliexpress-media.com/play/u/ae_sg_item/730768082/p/1/e/6/t/10301/313318000285.mp4,5G واي فاي مكرر واي فاي مكبر للصوت إشارة موسع واي فاي شبكة واي فاي الداعم 1200Mbps 5 جيجا هرتز طويلة المدى اللاسلكية واي فاي مكرر,MAD 307.98,MAD 192.68,37%,MAD,7.0,MAD 13.49,7.0,MAD 13.49,1369,91.5%,https://s.click.aliexpress.com/e/_c4txK9Zt,,,,,,
1005009798811801,https://ae-pic-a1.aliexpress-media.com/kf/S95bedd87b3824db090cb7177ff067159Y.jpg,,قلادة على شكل قلب كورية عصرية مع مجوهرات الزركون المكعبة للنساء 99 سنتًا,MAD 35.02,MAD 10.02,71%,MAD,7.0,MAD 0.70,7.0,MAD 0.70,39,100.0%,https://s.click.aliexpress.com/e/_c4WxLI9V,,,,,,
1005008640023789,https://ae-pic-a1.aliexpress-media.com/kf/S6be065d71130428b9e99f75989271aael.jpg,,قفازات اللياقة البدنية الإناث اليوغا الرياضة الغزل جهاز سيدة التدريب المضادة للانزلاق تنفس رقيقة نصف اصبع الحديد قفازات ركوب الدراجات,MAD 65.60,MAD 10.02,84%,MAD,7.0,MAD 0.70,7.0,MAD 0.70,57,97.6%,https://s.click.aliexpress.com/e/_c3pMFNwj,,,,,,
1005004074116604,https://ae-pic-a1.aliexpress-media.com/kf/Sc84e0842555042f1843b23e91bcfe03eW.jpg,,2in1 قلم ستايلس عالمي للرسم اللوحي بالسعة شاشة تعمل باللمس للكمبيوتر اللوحي المحمول أندرويد ios الهاتف باد Xiaomi الملحقات,MAD 30.78,MAD 10.02,67%,MAD,7.0,MAD 0.70,7.0,MAD 0.70,105,94.2%,https://s.click.aliexpress.com/e/_c3UfLBkP,,,,,,
1005008944363441,https://ae-pic-a1.aliexpress-media.com/kf/S9279a68b418d446baf76e08f50fb2b3ay.jpg,,الرجعية العرقية نمط الرجال الملاكم ملخصات مريحة خمر طباعة الملابس الداخلية المرنة للرجل الملابس الداخلية منتصف الخصر السراويل السروال,MAD 38.14,MAD 10.02,73%,MAD,7.0,MAD 0.70,7.0,MAD 0.70,1334,90.6%,https://s.click.aliexpress.com/e/_c3mjj0ML,,,,,,
1005007024290689,https://ae-pic-a1.aliexpress-media.com/kf/S267c8f45bc5a477c97882e7258993fbb9.jpg,https://video.aliexpress-media.com/play/u/ae_sg_item/2676290184/p/1/e/6/t/10301/1100199148415.mp4,أداة قياس مراقبة ضغط الدم الرقمية المحمولة للذراع العلوي، مقياس ضغط الدم، مقياس ضغط الدم,MAD 350.23,MAD 135.00,61%,MAD,7.0,MAD 9.45,7.0,MAD 9.45,3418,88.7%,https://s.click.aliexpress.com/e/_c3UZ5OdV,,,,,,
1005007770907394,https://ae-pic-a1.aliexpress-media.com/kf/Sdfca88b826354d33a0e84b05758d2d1bd.jpg,,طقم اختبار ضغط الدم BP مراقب الذراع العلوي مقياس التوتر التلقائي مقياس ضغط الدم الرقمي جهاز طبي نبض,MAD 352.06,MAD 139.50,60%,MAD,7.0,MAD 9.76,7.0,MAD 9.76,15644,89.8%,https://s.click.aliexpress.com/e/_c34jLksT,,,,,,
1005009372708355,https://ae-pic-a1.aliexpress-media.com/kf/S26c0b53e63c54ef3bb73b76f07444af0k.jpg,,قابلة للشحن مراقبة ضغط الدم 2 مستخدمين مقياس التوتر الطبي المعصم الكفة الرقمية غير النظامية نبض معدل ضربات القلب مقياس التوتر,MAD 384.78,MAD 137.92,64%,MAD,7.0,MAD 9.65,7.0,MAD 9.65,2956,87.0%,https://s.click.aliexpress.com/e/_c3PjVGH9,,,,,,
1005001924537878,https://ae-pic-a1.aliexpress-media.com/kf/Hd4101ac5112c498b933c289ff89eee1eJ.jpg,,LByzHan أصيلة 925 فضة Pendientes أقراط القيثارة الزركون ترصيع حدوة الحصان أقراط للنساء هدية الزفاف,MAD 54.06,MAD 10.02,81%,MAD,8.0,MAD 0.80,7.0,MAD 0.70,124,88.2%,https://s.click.aliexpress.com/e/_c2ySg65N,,,,,,
1005008799163076,https://ae-pic-a1.aliexpress-media.com/kf/S2cfb3439dfe34a58898acd32abf9fe9dL.jpg,https://video.aliexpress-media.com/play/u/ae_sg_item/249621899/p/1/e/6/t/10301/1100207410179.mp4,لعبة مونتيسوري بنة خشبية التعلم المبكر لعبة تعليمية شكل اللون مباراة الاطفال لغز لعب للأطفال بنين بنات,MAD 55.99,MAD 10.02,82%,MAD,7.0,MAD 0.70,7.0,MAD 0.70,262,86.2%,https://s.click.aliexpress.com/e/_c3FddjMP,,,,,,
1005009777147383,https://ae-pic-a1.aliexpress-media.com/kf/Scb6caacd0a49445693d9e6500a66d1c0Q.jpg,,مطعم الحلوى القهوة الفاكهة زهرة مخزن وجبة خفيفة عرض الشارع كعكة الغذاء منزل اللبنات مجموعات الفتيات الطوب نموذج الاطفال اللعب,MAD 34.12,MAD 10.02,70%,MAD,7.0,MAD 0.70,7.0,MAD 0.70,107,95.9%,https://s.click.aliexpress.com/e/_c3EEHas7,,,,,,
1005003351767408,https://ae-pic-a1.aliexpress-media.com/kf/S94a87038bcf24e59ba028a4559110515i.png,https://video.aliexpress-media.com/play/u/ae_sg_item/252557896/p/1/e/6/t/10301/1100075327690.mp4,مجموعة أربطة حلقة تمارين المقاومة، أربطة تمرين للنساء والرجال، أربطة مطاطية، 5 مستويات مقاومة مختلفة للساقين الغنيمة,MAD 23.84,MAD 23.84,0%,MAD,8.0,MAD 1.91,7.0,MAD 1.67,92,95.5%,https://s.click.aliexpress.com/e/_c3uXcoMT,,,,,,
1005007805699341,https://ae-pic-a1.aliexpress-media.com/kf/S162272193680435dbe738c5f4cc4b3daL.png,,الطبية الرقمية الذراع BP مراقبة ضغط الدم مقياس التوتر مقياس التوتر التلقائي مقياس ضغط الدم معدل ضربات القلب نبض متر مقياس التأكسج,MAD 178.77,MAD 38.77,78%,MAD,7.0,MAD 2.71,7.0,MAD 2.71,2867,98.0%,https://s.click.aliexpress.com/e/_c4d1jnpD,,,,,,
1005007538296093,https://ae-pic-a1.aliexpress-media.com/kf/S82fc1cf5be7243d8a64bcce01ad1921cw.jpg,,Tossy الشتاء مثير جوارب الإناث طماق نحيل المرقعة عادية الصلبة عالية الخصر ضئيلة الشارع الشهير جوارب طويلة نسائية الملابس الداخلية,MAD 47.99,MAD 10.02,79%,MAD,7.0,MAD 0.70,7.0,MAD 0.70,147,92.2%,https://s.click.aliexpress.com/e/_c34XB1I7,,,,,,
1005007089071693,https://ae-pic-a1.aliexpress-media.com/kf/S6a2de7e84f20472289accee7c059a937o.jpg,,كابل USB 3 في 1 من جل السيليكا سلك بيانات شحن سريع لهاتف آيفون وسامسونج وهواوي وشاومي متعدد المنافذ وسلك شحن متعدد,MAD 37.87,MAD 10.02,73%,MAD,9.0,MAD 0.90,9.0,MAD 0.90,289,94.3%,https://s.click.aliexpress.com/e/_c4p2d2xp,,,,,,
1005009084801722,https://ae-pic-a1.aliexpress-media.com/kf/S80b9e3ae5781444db666b63157c951eaQ.jpg,,أداة الساعة لإزالة حزام الساعة WT0001,MAD 23.77,MAD 10.02,57%,MAD,8.0,MAD 0.80,7.0,MAD 0.70,438,95.8%,https://s.click.aliexpress.com/e/_c2unMIub,,,,,,
1005010413596023,https://ae-pic-a1.aliexpress-media.com/kf/S4d2dd36b2e544ce78d0ee5e6b151bf4ap.jpg,,جديد المعصم مراقبة ضغط الدم متعدد اللغات البث مقياس ضغط الدم USB قابلة للشحن مقياس ضغط الدم مقياس التوتر الطبي,MAD 494.92,MAD 196.84,60%,MAD,7.0,MAD 13.78,7.0,MAD 13.78,61,83.1%,https://s.click.aliexpress.com/e/_c3v8AECj,,,,,,
4000844190344,https://ae-pic-a1.aliexpress-media.com/kf/Hb97d1939fbd54f94914fd560852df673G.jpg,https://video.aliexpress-media.com/play/u/ae_sg_item/201846297/p/1/e/6/t/10301/283420730469.mp4,دليل النسيج الرجعية حبل مفتاح سلسلة حامل جلد العجل حبل الهاتف الحبل حلقة رئيسية 100% جلد طبيعي سيارة معدنية المفاتيح M01,MAD 34.93,MAD 10.02,71%,MAD,8.0,MAD 0.80,7.0,MAD 0.70,217,97.2%,https://s.click.aliexpress.com/e/_c4ceSHBV,,,,,,
1005007352708992,https://ae-pic-a1.aliexpress-media.com/kf/Sc8898f3e59254374bbb3447b894dcf72I.jpg,https://video.aliexpress-media.com/play/u/ae_sg_item/248822634/p/1/e/6/t/10301/4000245946985.mp4,20/50/100 قطعة الأطفال بلون شبكة موجة مرونة العصابات الشعر طفل الفتيات Scrunchie الأربطة المطاطية طفل الحلو لطيف إكسسوارات الشعر,MAD 23.99,MAD 10.02,58%,MAD,8.0,MAD 0.80,7.0,MAD 0.70,301,94.2%,https://s.click.aliexpress.com/e/_c3kQclTl,,,,,,
1005008195598752,https://ae-pic-a1.aliexpress-media.com/kf/S76b930f3ccbb44dfa1c81f7b0b5d62eed.png,,مجموعة أربطة مقاومة للياقة البدنية مكونة من 5 قطع تتضمن 5 ألوان، وأشرطة توتر للتمرين، والتمرين، وصالة الألعاب الرياضية، وتدريبات اليوجا واللياقة البدنية المنزلية,MAD 18.15,MAD 18.15,0%,MAD,7.0,MAD 1.27,7.0,MAD 1.27,522,99.1%,https://s.click.aliexpress.com/e/_c35gHk2J,,,,,,
32764529214,https://ae-pic-a1.aliexpress-media.com/kf/Sefc067120bb94115b69fe43202769da2V.jpg,,سراويل نسائية مثيرة من القطن المنشعب سراويل داخلية نسائية ملابس داخلية بيكيني حريمي كلسون مخطط جيد التهوية 3 قطعة/المجموعة/مجموعة function ilac,MAD 55.92,MAD 10.02,82%,MAD,10.0,MAD 1.00,7.0,MAD 0.70,96,94.5%,https://s.click.aliexpress.com/e/_c3tduf8X,,,,,,
1005003171143644,https://ae-pic-a1.aliexpress-media.com/kf/Hbf6a11a14068417690a73cf955219e6f2.jpg,,كابل مايكرو USB سريع USB شحن كابل ل Redmi 12C 9A 10A مايكرو USB كابل البيانات ل فيفو Y30 Y50t Y70t سلك الهاتف المحمول الحبل,MAD 33.11,MAD 10.02,69%,MAD,6.5,MAD 0.65,9.0,MAD 0.90,196,87.6%,https://s.click.aliexpress.com/e/_c2uSROQr,,,,,,
1005001314814350,https://ae-pic-a1.aliexpress-media.com/kf/Heffd7aef8eb8451aaa3f2c827b7d8ac7S.jpg,,2 مللي متر 3000 قطعة الزجاج المعبأة البذور الخرز الصغيرة حلية التشيكية إكسسوارات خرز DIY بها بنفسك القرط سوار قلادة صنع المجوهرات اكسسوارات,MAD 78.66,MAD 27.43,65%,MAD,8.0,MAD 2.19,7.0,MAD 1.92,602,97.9%,https://s.click.aliexpress.com/e/_c3AvK95h,,,,,,
1005010290234636,https://ae-pic-a1.aliexpress-media.com/kf/S43feb2c964cb45bb8c1868d275285ed3m.jpg,,رجل خواتم عالية الجودة 2025 الاتجاه مجوهرات الراقية مجوهرات من صلب لا يصدأ اكسسوارات رجالي خواتم الفولاذ المقاوم للصدأ نوعية جيدة,MAD 30.48,MAD 10.02,67%,MAD,7.0,MAD 0.70,7.0,MAD 0.70,302,90.3%,https://s.click.aliexpress.com/e/_c3os1MX1,,,,,,
1005009280025716,https://ae-pic-a1.aliexpress-media.com/kf/S46d9a3ba417d4fa0a6c6c85d5e9edbc4x.jpg,,راوتر لاسلكي 300Mbps واي فاي مكرر واي فاي مكبر صوت أحادي واي فاي الداعم 2.4G واي فاي مكرر نقطة الوصول,MAD 296.87,MAD 97.81,67%,MAD,7.0,MAD 6.85,7.0,MAD 6.85,204,88.2%,https://s.click.aliexpress.com/e/_c4N5Jy99,,,,,,
1005006451578971,https://ae-pic-a1.aliexpress-media.com/kf/S1144041328b34d98915a0357e3adb787v.jpg,,سلسلة مفاتيح أداة هرش اليانصيب لتذاكر اليانصيب هدية مقامر المحظوظة,MAD 24.66,MAD 10.02,59%,MAD,15.0,MAD 1.50,7.0,MAD 0.70,256,98.7%,https://s.click.aliexpress.com/e/_c3ybTrJH,,,,,,
1005009261871587,https://ae-pic-a1.aliexpress-media.com/kf/Sfd3278c1e6c84d07adccf055406a4b7f1.jpg,,T9 خمر الرجال مقص الشعر الكهربائية أداة تهذيب اللحية/آلة قطع الشعر القابلة لإعادة الشحن مع الأنف الشعر المتقلب عدة صديقها هدية,MAD 196.40,MAD 12.15,93%,MAD,7.0,MAD 0.85,7.0,MAD 0.85,14292,88.4%,https://s.click.aliexpress.com/e/_c35krVgP,,,,,,
1005010516066606,https://ae-pic-a1.aliexpress-media.com/kf/Sf76b67ad750c48df8df86c16496e3ab5A.jpg,,2 قطعة أكياس تخزين قابلة لإعادة الاستخدام المطبخ شبكة معلقة حقيبة المنزلية الخضار الفاكهة شبكة حقيبة الحائط غرفة التخزين أدوات المطبخ,MAD 35.62,MAD 10.02,71%,MAD,7.0,MAD 0.70,7.0,MAD 0.70,64,100.0%,https://s.click.aliexpress.com/e/_c40zkB8B,B2YH610WZ1H5,2026-01-18 18:01:59,2026-04-02 00:59:59,MAD 8.79,1785,MAD 8.80
1005007502169929,https://ae-pic-a1.aliexpress-media.com/kf/S1b82eb862ac64f51afb911cce9f27f76U.jpg,https://video.aliexpress-media.com/play/u/ae_sg_item/2680609731/p/1/e/6/t/10301/4000220308462.mp4,صافرة الكلب مع سلسلة مفاتيح ، درجة صوت قابلة للتعديل ، إيقاف النباح ، استدعاء احترافي للجرو ، القط ، حيوان أليف ، 1: 2,MAD 32.88,MAD 10.02,69%,MAD,11.0,MAD 1.10,7.0,MAD 0.70,102,85.6%,https://s.click.aliexpress.com/e/_c3Ktomjt,,,,,,
1005010142612215,https://ae-pic-a1.aliexpress-media.com/kf/S53bf4c04be594a12b465cd026fa2f9b7T.jpg,https://video.aliexpress-media.com/play/u/ae_sg_item/2659994812/p/1/e/6/t/10301/4000312214265.mp4,﻿ خمر الأبيض ليوبارد طباعة جراب هاتف لسامسونج غالاكسي A55 A17 A07 A56 A36 A26 A16 A53 A06 A14 A34 A54 A15 A25 A35 A12 غطاء,MAD 33.21,MAD 10.02,69%,MAD,8.0,MAD 0.80,7.0,MAD 0.70,17,100.0%,https://s.click.aliexpress.com/e/_c3VjfdyB,,,,,,
1005008655016476,https://ae-pic-a1.aliexpress-media.com/kf/Sca7c0663c9a4415687f5deac667a1dcaO.jpg,,Xiaomi Pro 300Mbps WiFi Extender Booster 2.4G مكرر لاسلكي، مضخم إشارة شبكة هوائي مزدوج لتغطية جهاز التوجيه المنزلي,MAD 599.02,MAD 230.92,61%,MAD,7.0,MAD 16.16,7.0,MAD 16.16,2392,93.4%,https://s.click.aliexpress.com/e/_c3ZPdB3N,,,,,,
1005007526422368,https://ae-pic-a1.aliexpress-media.com/kf/Sc6907b484c0e4b569837479ff390fddd3.jpg,,GANEMLY 316L الفولاذ المقاوم للصدأ شجرة الحياة سوار للنساء موضة 18K مطلية بالذهب سلسلة المعصم مجوهرات مقاومة للماء سيدة هدية,MAD 32.10,MAD 10.02,68%,MAD,8.0,MAD 0.80,7.0,MAD 0.70,904,89.6%,https://s.click.aliexpress.com/e/_c3GtGeCb,,,,,,
1005006931418333,https://ae-pic-a1.aliexpress-media.com/kf/Sae99fa57a72a46f585e2d2aa3f6c7ba0W.jpg,,FYUAN الفاخرة كريستال قلادة أقراط الأخضر الوردي الوردي الأزرق قلادة للنساء حفلات الزفاف مجموعات مجوهرات اكسسوارات,MAD 58.62,MAD 10.02,82%,MAD,7.0,MAD 0.70,7.0,MAD 0.70,282,92.3%,https://s.click.aliexpress.com/e/_c36fahCX,,,,,,
1005010492486549,https://ae-pic-a1.aliexpress-media.com/kf/S163939b1cc6d47ca88e1ce01e3c1bfd92.jpg,,1 سلسلة كتف أنيقة من اللؤلؤ المقلد للنساء، مناسبة لفساتين الحفلات والولائم كسلسلة للجسم,MAD 26.45,MAD 25.92,1%,MAD,7.0,MAD 1.81,7.0,MAD 1.81,142,96.3%,https://s.click.aliexpress.com/e/_c3K3GTEj,,,,,,
1005006924641101,https://ae-pic-a1.aliexpress-media.com/kf/S732bb4d6b93d4e4a8ebbaa62d6b38bf7u.jpg,,4G LTE اللاسلكية USB دونغل موبايل برودباند 150Mbps مودم عصا 4G بطاقة Sim راوتر لاسلكي مكتب المنزل اللاسلكية واي فاي محول,MAD 205.13,MAD 113.49,44%,MAD,7.0,MAD 7.94,7.0,MAD 7.94,4064,90.9%,https://s.click.aliexpress.com/e/_c33ts4HV,,,,,,